Physic_1,Physic_2,Physic_3
120,1,85
126,1,87
128,1,86
129,1,78
129,1,72
131,1,66
134,1,59
133,1,50
130,1,43
130,1,41
129,1,40
128,1,40
125,1,41
122,1,42
120,1,43
119,1,43
120,1,43
121,1,43
122,1,44
125,1,40
128,1,35
128,1,32
129,0,30
129,0,28
128,0,28
128,0,27
128,0,26
128,0,26
128,0,25
127,0,25
127,0,25
127,1,25
128,1,24
127,1,24
126,1,24
126,1,24
125,2,24
124,2,24
124,2,24
123,2,24
123,2,24
123,2,25
123,2,25
123,3,25
123,3,25
123,3,25
123,3,26
123,3,26
124,3,27
124,3,27
124,3,27
124,3,28
124,3,28
124,3,29
123,3,30
123,3,30
123,3,30
123,3,30
123,3,30
122,2,30
121,2,30
121,2,30
121,2,30
121,2,30
121,2,30
121,2,30
122,2,33
122,1,40
122,1,51
122,0,65
120,0,73
119,1,76
122,1,79
126,1,81
128,1,81
130,1,80
131,1,79
132,1,78
132,1,77
132,1,75
132,1,69
132,1,63
133,1,56
137,1,48
135,0,42
132,0,41
130,1,40
128,1,40
128,1,39
126,2,36
124,2,34
124,2,32
124,2,30
124,3,29
124,3,29
125,3,28
126,3,28
126,3,27
127,3,27
128,3,27
128,3,26
128,3,26
128,3,26
128,3,26
128,3,26
128,3,26
129,3,26
129,3,26
129,3,26
128,3,26
128,3,26
128,3,26
128,3,26
128,3,26
128,3,26
128,3,26
128,3,26
127,3,27
126,3,27
126,3,27
126,3,27
126,3,27
125,3,27
125,3,27
125,3,28
125,3,28
124,3,28
124,3,28
124,3,28
124,3,28
124,3,28
124,3,29
124,3,29
124,3,29
124,3,29
124,3,30
124,3,31
124,3,32
124,3,33
124,3,33
123,3,33
123,3,32
123,3,32
122,3,32
121,3,32
121,3,33
121,3,34
122,3,34
122,3,35
123,3,34
123,3,34
123,3,35
123,3,35
122,3,36
123,2,36
123,2,36
123,3,36
123,3,36
123,3,35
123,3,35
123,3,36
122,3,36
123,2,36
124,2,36
124,2,36
124,2,37
124,2,40
124,2,41
124,2,42
124,1,43
123,1,44
123,1,44
122,1,45
122,1,45
121,2,46
121,2,46
120,2,46
120,2,47
120,2,48
119,2,48
120,2,49
120,2,50
122,2,52
122,2,54
123,1,56
125,1,61
126,1,65
128,0,68
129,0,69
129,1,69
130,1,71
132,1,71
133,1,72
133,1,72
133,1,72
133,1,73
133,1,73
134,1,73
134,1,75
134,1,75
133,1,75
133,1,74
133,1,74
134,1,74
134,1,74
135,1,74
134,1,74
134,1,74
134,1,76
134,1,76
133,1,77
133,1,76
132,0,69
131,0,58
134,1,50
133,0,43
133,0,39
132,0,37
130,1,35
128,1,33
126,1,31
124,1,29
122,1,29
121,1,31
121,1,33
121,1,34
119,0,35
117,0,36
116,0,36
116,0,37
116,0,38
117,0,38
119,0,38
120,0,38
122,0,39
123,0,39
123,0,40
125,0,40
125,0,41
125,1,42
126,1,43
126,1,44
127,1,45
127,1,45
127,1,46
127,1,47
126,1,47
126,1,48
126,1,48
126,1,48
127,0,48
127,0,48
128,0,48
128,0,48
128,0,48
128,0,48
129,0,44
130,0,38
131,0,35
131,0,33
131,1,31
131,1,30
130,1,30
128,1,29
128,1,28
128,1,27
128,2,26
127,2,26
127,2,26
128,2,25
128,2,25
128,2,25
128,2,25
128,2,25
128,2,25
128,2,25
128,2,25
129,2,25
129,3,25
129,3,25
129,3,26
130,3,26
130,3,26
129,3,26
129,3,27
129,3,27
128,2,28
128,2,29
128,3,29
128,3,30
128,3,30
128,3,31
127,3,31
127,3,32
126,3,33
125,2,34
125,2,34
124,2,35
124,2,36
123,2,37
123,2,37
122,2,37
122,3,37
122,3,36
121,3,36
122,2,36
121,2,37
122,2,37
122,2,37
123,2,37
123,2,37
123,2,38
123,2,38
123,2,37
123,2,39
123,2,41
123,2,42
123,1,44
122,1,47
122,1,50
122,1,54
121,1,58
121,1,62
121,1,65
123,0,67
126,0,68
127,0,68
128,1,69
129,1,69
131,1,70
132,1,70
131,1,70
131,1,71
131,1,71
132,1,71
132,1,71
131,1,71
131,1,71
131,1,68
131,1,61
131,1,52
132,0,46
131,1,42
131,1,40
130,2,40
130,2,41
128,2,40
128,2,38
126,2,36
124,2,35
123,3,34
122,3,33
122,3,32
122,3,32
122,3,32
122,3,32
123,3,32
123,3,33
124,3,33
124,3,34
124,2,35
124,2,37
124,2,38
124,2,39
123,2,39
122,2,39
121,2,38
120,2,38
119,2,38
119,2,40
119,2,42
120,2,44
120,2,46
121,1,60
121,1,76
120,0,88
119,1,92
121,1,93
126,1,91
128,1,90
129,1,90
130,1,90
131,1,90
132,1,89
132,1,84
132,1,75
132,1,73
133,1,71
131,1,71
131,1,71
131,1,71
130,1,70
129,1,69
128,1,59
128,1,49
129,1,44
129,0,39
129,1,38
128,1,39
127,1,38
125,2,36
122,2,34
121,2,32
119,3,31
119,3,30
119,3,29
120,3,29
120,3,28
121,3,28
122,3,28
122,3,27
123,3,27
123,3,27
123,3,27
123,3,27
124,3,27
124,3,27
124,3,27
124,3,27
124,3,28
124,3,28
124,3,28
124,3,28
124,3,28
123,3,29
123,3,29
123,3,29
123,3,29
123,3,29
123,3,30
123,3,30
122,3,30
122,3,30
122,3,30
121,3,30
121,3,30
121,3,30
121,3,30
121,2,31
121,2,34
121,2,37
121,2,40
121,1,43
120,1,48
119,1,53
118,1,57
117,1,63
119,0,66
122,0,67
125,1,68
127,1,69
128,1,69
129,1,70
130,1,70
130,1,70
130,1,71
130,1,71
131,1,71
131,1,65
131,1,55
131,1,46
132,0,42
132,1,41
131,1,41
130,1,41
129,1,39
128,2,39
128,1,41
126,1,43
124,1,44
123,1,41
122,2,38
123,2,35
125,2,33
125,2,33
127,2,34
128,2,33
129,2,32
129,2,33
129,2,35
128,2,37
128,2,40
128,1,42
126,1,44
124,1,46
122,2,48
120,2,49
118,2,50
118,2,52
118,1,53
119,1,55
120,1,56
124,1,56
125,1,57
127,1,57
128,1,57
129,1,58
130,1,58
130,1,59
129,1,59
129,1,58
129,1,58
129,1,58
129,1,58
129,1,58
129,1,58
129,0,58
129,0,58
128,0,58
128,0,57
129,0,57
129,0,57
129,0,56
129,0,56
130,0,55
130,0,55
131,0,54
132,0,49
132,1,44
132,1,41
133,2,39
133,2,39
133,2,38
132,2,37
131,2,35
129,2,33
128,2,32
128,3,32
127,3,31
127,3,30
127,3,30
127,3,30
127,3,29
128,3,29
128,3,29
128,3,29
128,3,29
128,3,29
128,3,29
128,3,29
128,3,29
127,3,29
127,3,29
127,3,29
127,2,29
127,3,29
127,3,29
127,3,29
127,3,29
126,3,29
126,3,30
126,2,30
126,2,32
126,1,36
126,1,41
126,2,45
125,1,49
122,1,54
121,1,58
121,0,61
122,0,62
126,0,63
127,0,63
128,1,64
129,1,64
130,1,65
131,1,64
132,1,56
132,1,47
131,0,43
130,1,40
130,1,40
130,2,40
130,2,40
129,2,38
128,2,37
127,2,35
126,2,34
126,3,32
126,3,32
126,3,31
126,3,31
126,3,30
126,3,30
127,3,30
127,3,30
127,3,30
127,3,30
127,2,30
128,2,30
128,2,30
128,3,30
127,3,30
127,3,30
127,3,30
127,3,30
127,3,31
126,3,31
126,3,32
126,3,32
125,3,32
125,3,32
124,3,33
124,3,33
123,3,33
122,3,33
122,3,33
122,3,33
122,3,33
122,3,34
122,3,34
122,3,34
122,3,34
122,3,34
123,3,34
123,3,34
123,3,34
123,3,34
123,3,34
123,3,34
123,3,34
123,3,34
123,3,34
123,3,34
123,2,35
123,2,35
123,2,38
123,2,40
123,2,45
123,1,50
122,1,54
121,1,58
121,1,64
121,0,69
123,0,72
124,1,73
126,1,76
128,1,75
130,1,66
130,1,56
131,0,49
130,1,45
129,2,44
129,2,44
129,1,45
129,2,45
128,2,45
127,2,43
125,2,42
123,2,42
123,2,43
123,1,46
123,1,48
122,1,50
121,2,52
120,1,55
120,1,56
121,1,58
123,1,59
125,1,61
127,1,61
128,0,61
128,0,61
128,0,61
129,0,61
130,0,61
131,0,60
130,0,60
131,0,60
131,0,60
132,0,60
133,0,60
133,0,61
133,0,61
134,1,62
134,1,62
133,1,64
133,1,65
134,1,67
134,1,68
133,1,69
132,1,69
132,1,69
131,1,69
131,1,69
131,1,61
130,1,51
130,1,45
130,0,41
130,1,40
129,1,40
128,1,40
127,1,37
125,2,35
123,2,33
122,2,31
122,3,30
122,3,29
122,3,28
123,3,28
123,3,27
125,2,29
126,2,33
127,1,36
127,2,39
125,1,40
122,1,41
121,1,41
121,1,38
122,2,35
123,2,33
124,3,32
126,2,32
127,2,32
128,2,31
128,3,30
128,3,30
128,3,29
128,3,29
128,3,29
127,3,29
127,3,28
126,3,28
126,3,28
126,3,29
126,2,32
126,2,35
126,2,39
126,1,50
124,1,67
122,1,74
120,1,75
122,1,79
126,1,80
128,1,80
129,1,76
128,1,67
129,1,61
131,1,54
133,0,50
131,0,46
129,1,44
128,1,42
127,1,40
126,1,37
125,2,35
124,1,33
124,1,33
124,1,36
125,1,37
124,1,35
122,0,32
121,1,30
121,2,29
121,2,29
122,2,29
123,2,28
124,3,28
126,3,27
127,3,26
128,3,26
128,3,26
129,3,26
129,3,26
129,3,26
129,3,26
129,3,26
129,3,26
128,3,27
128,2,28
128,2,29
127,3,29
127,3,29
126,3,29
125,3,29
125,3,29
124,3,30
124,3,31
124,3,31
124,3,32
124,3,32
124,2,33
124,2,36
123,2,39
123,2,41
123,1,45
123,1,58
121,0,74
119,1,80
119,1,81
122,1,83
126,1,83
128,1,81
128,1,80
128,1,79
129,1,78
130,1,71
128,1,61
130,1,55
131,1,50
130,1,46
128,0,44
126,0,43
125,0,45
122,0,47
121,0,50
120,0,52
121,0,54
122,1,57
123,1,60
125,1,62
126,1,64
127,1,65
128,1,66
128,0,59
128,0,51
128,0,45
128,1,41
128,1,38
129,2,36
128,2,34
128,2,33
127,2,31
126,2,30
126,2,28
125,2,28
125,2,27
126,3,27
126,3,26
127,3,26
128,3,26
128,3,26
128,3,26
128,3,26
128,3,25
128,3,26
128,3,26
128,3,26
128,3,26
128,3,26
128,3,26
127,3,26
127,3,27
126,3,27
126,3,27
125,3,28
125,3,28
125,3,28
124,3,28
123,3,28
123,3,28
122,3,28
122,3,28
121,4,29
121,3,29
121,3,29
121,3,30
121,3,30
122,3,30
122,3,31
122,3,32
122,3,33
121,3,34
121,2,34
120,2,35
119,2,35
118,2,35
118,3,35
117,3,35
117,3,35
117,3,35
116,3,35
117,3,35
117,3,35
117,3,35
118,2,36
118,3,36
119,3,36
119,2,37
119,2,38
119,2,38
119,2,39
119,2,41
119,2,40
119,2,40
119,2,40
118,2,40
118,2,40
118,2,41
118,2,41
118,2,41
119,2,41
119,2,41
119,2,40
119,2,39
119,2,39
119,2,39
118,2,38
119,2,38
119,2,38
119,2,38
120,2,39
119,2,39
120,2,39
120,2,39
120,2,39
120,2,39
120,2,39
120,2,39
120,2,39
119,2,41
120,2,42
120,2,46
120,2,48
120,1,52
120,1,56
119,1,63
120,0,70
121,1,74
123,1,77
126,1,80
128,1,81
130,1,80
130,1,79
131,1,78
131,1,77
132,1,77
132,1,77
132,1,75
131,1,66
130,1,60
133,1,55
135,1,49
131,0,45
128,1,44
128,1,43
127,1,43
127,2,41
126,2,39
125,2,37
125,2,35
125,1,36
125,1,39
125,1,44
125,1,52
125,1,60
125,0,65
126,1,68
127,1,70
129,1,72
131,1,74
132,1,75
132,1,75
133,1,75
133,1,76
132,1,68
132,1,59
132,1,52
131,0,45
130,0,41
129,1,41
129,1,40
128,1,37
126,1,35
125,2,33
123,2,31
123,2,30
123,2,29
123,3,28
124,3,27
124,3,27
125,3,27
126,3,26
128,3,26
128,3,26
128,3,26
129,3,26
129,3,26
129,3,26
129,3,26
129,3,26
129,3,26
128,3,26
128,3,27
128,3,27
128,3,28
128,3,28
128,3,28
127,3,28
127,3,28
126,3,28
126,3,28
125,3,28
125,3,29
125,3,29
125,3,29
125,3,29
125,3,29
125,3,29
125,3,29
125,3,29
125,3,29
125,3,29
125,3,29
125,2,29
125,2,30
125,2,30
125,2,30
125,3,30
125,3,30
125,3,30
125,3,30
125,3,30
125,3,31
125,3,31
125,3,31
125,3,31
124,3,32
124,3,33
123,3,33
123,3,33
123,3,34
122,3,34
122,3,34
121,3,34
121,3,34
121,3,34
121,3,34
121,3,34
120,3,34
121,3,34
121,3,34
121,3,34
122,3,34
122,3,34
122,3,34
123,3,34
123,3,34
123,3,34
123,3,34
123,3,34
123,3,34
122,3,34
122,3,34
122,3,34
123,3,34
123,3,34
123,3,34
123,3,34
123,3,34
123,3,34
123,3,34
123,3,34
123,3,34
123,3,35
123,2,36
123,2,36
124,2,36
124,3,36
123,3,36
123,3,36
122,3,35
122,2,35
122,3,35
121,3,35
122,3,35
122,3,35
122,2,36
123,2,36
124,2,36
124,2,36
124,2,37
124,2,37
124,2,37
124,2,37
124,2,37
123,2,37
123,2,37
123,2,38
123,2,38
122,2,38
122,2,38
122,2,38
122,2,38
122,2,40
122,2,42
122,2,43
123,2,44
122,1,44
122,2,44
121,1,44
121,1,45
121,1,45
121,1,45
121,1,46
120,1,46
120,1,47
120,1,47
120,1,47
119,1,47
119,2,47
119,2,47
119,2,47
119,2,47
119,2,48
119,2,48
119,2,48
120,2,48
121,2,48
121,2,48
121,2,47
122,2,43
122,2,40
123,3,38
124,2,38
125,2,39
126,2,39
127,2,39
128,2,39
127,2,39
126,2,38
125,2,38
124,2,37
124,2,37
123,2,38
122,2,38
122,2,38
123,2,38
123,2,38
123,2,39
124,2,40
124,2,42
125,2,42
125,2,42
125,2,41
124,2,40
123,2,39
123,2,39
123,2,38
122,2,37
123,2,37
125,2,37
125,2,37
125,2,40
125,1,48
125,1,66
125,0,77
122,1,82
122,1,84
127,1,85
129,1,77
130,1,66
135,1,54
133,1,46
134,1,41
134,1,37
133,1,34
130,0,31
128,0,30
127,2,30
127,3,32
128,2,34
128,2,37
127,2,40
126,2,43
125,1,48
124,1,53
124,1,58
125,0,61
127,0,64
129,1,64
130,1,66
132,1,68
134,1,68
134,1,70
134,1,72
133,0,73
133,0,73
133,0,67
133,0,58
135,0,49
136,0,43
136,0,39
136,0,36
135,0,34
133,0,32
132,0,33
130,0,37
129,0,42
128,0,45
126,1,48
126,1,51
128,1,53
130,1,55
134,1,57
137,1,55
136,0,51
136,1,44
135,1,39
134,1,36
133,1,33
131,1,31
129,1,30
128,0,29
128,0,28
128,0,27
129,0,26
129,0,26
130,0,28
130,0,30
131,0,32
130,0,33
129,0,36
128,0,39
127,1,42
127,1,44
128,1,47
128,1,50
131,1,53
133,1,56
134,1,58
134,1,60
132,1,62
132,1,63
131,1,64
132,1,64
132,1,64
132,1,65
133,1,64
132,1,59
132,1,53
133,1,45
132,1,40
130,1,36
129,1,33
128,1,31
127,1,29
126,1,27
126,1,26
127,0,25
128,0,24
129,0,24
131,0,24
133,0,26
132,1,28
131,1,30
129,1,31
128,1,34
127,1,36
126,1,38
126,1,39
127,1,40
127,1,43
127,1,46
127,1,49
128,1,51
128,1,52
129,1,54
130,1,53
130,1,45
132,1,41
132,0,36
132,0,35
131,0,34
130,0,33
129,1,32
129,1,31
129,1,30
129,1,31
129,1,38
129,0,45
129,0,50
127,0,54
126,0,57
126,0,59
128,0,61
130,1,63
132,1,64
134,1,63
134,1,63
133,1,60
132,1,51
131,0,45
132,1,42
132,1,41
132,1,40
131,1,38
129,2,36
128,2,33
128,2,32
128,2,31
128,2,30
128,3,29
128,3,28
128,3,27
129,3,26
131,2,26
132,2,26
133,2,26
133,2,25
134,2,25
134,2,25
134,2,25
133,2,25
132,2,25
132,2,25
132,2,25
132,2,25
132,2,25
131,2,25
131,2,25
130,1,25
130,1,26
130,1,26
130,1,28
129,0,31
129,0,33
127,0,36
124,0,38
122,1,41
121,1,43
122,1,45
124,1,47
127,1,48
128,1,51
130,1,47
129,1,41
129,1,37
128,0,34
128,0,32
128,0,31
128,0,30
129,0,29
129,0,28
131,0,27
131,0,26
132,0,26
132,0,25
133,0,25
132,0,25
131,1,25
131,1,25
130,1,25
129,1,25
128,1,25
128,1,27
128,1,32
128,0,36
127,0,39
123,0,41
121,1,42
121,0,43
123,0,45
125,0,46
128,1,47
130,1,47
132,1,48
133,1,49
132,0,49
131,0,50
130,0,51
130,0,52
130,0,52
130,0,52
131,0,52
132,0,52
132,0,52
133,1,50
134,1,44
135,1,39
134,1,35
132,0,33
130,0,31
129,0,30
130,0,29
130,0,28
131,0,27
132,0,26
133,0,26
133,0,25
133,0,25
133,0,25
133,0,24
132,1,24
132,1,24
131,1,24
130,1,24
129,1,24
128,1,24
128,1,24
128,1,24
128,2,24
128,2,24
128,2,24
128,2,25
128,2,25
128,2,25
128,2,25
128,2,25
128,2,25
128,2,25
128,3,26
128,3,26
128,3,26
128,3,26
128,3,26
128,3,27
128,3,27
128,3,28
128,3,28
128,3,28
128,3,28
127,3,28
127,3,28
126,2,29
126,2,31
126,2,35
126,2,38
126,2,42
125,1,44
123,1,50
122,1,61
122,0,71
122,1,72
123,1,74
126,1,76
128,1,77
129,1,77
130,1,68
130,1,58
130,1,49
129,0,44
128,1,43
128,1,42
127,1,42
126,1,39
124,2,36
123,2,34
123,2,32
123,3,31
123,3,30
124,3,30
125,3,29
126,2,31
127,2,34
128,1,38
128,1,43
126,1,47
123,1,52
123,0,56
123,0,58
125,0,60
128,1,60
129,1,61
130,0,63
130,0,65
130,1,68
130,0,69
130,0,70
129,0,70
129,0,70
129,0,68
130,0,60
130,0,50
131,0,45
131,0,40
131,0,36
130,0,34
129,0,32
128,0,30
128,1,29
128,1,28
128,1,27
128,1,26
128,1,26
128,1,25
128,1,25
129,1,25
128,1,25
128,1,25
128,1,26
128,1,30
128,1,34
128,0,38
126,0,42
123,0,46
121,1,49
121,1,52
123,1,54
127,1,56
129,1,57
131,1,59
131,1,60
131,1,61
129,0,62
129,0,63
129,1,62
130,1,55
131,1,48
132,1,42
132,1,38
131,0,35
129,0,32
128,0,31
128,0,29
128,0,28
128,0,27
128,0,26
129,0,26
130,0,28
131,0,30
130,0,32
129,0,33
128,1,36
127,1,37
126,1,38
126,1,39
125,1,40
125,1,41
126,1,41
127,1,42
128,1,40
128,1,37
128,0,33
128,0,31
128,0,31
128,0,30
128,0,30
129,0,29
130,0,28
130,0,27
130,1,26
130,1,26
129,1,26
129,1,25
128,1,25
128,1,25
128,1,25
127,1,25
127,1,25
126,1,25
126,1,25
126,1,25
126,2,25
126,1,26
126,1,28
126,1,31
125,1,35
124,0,38
122,0,40
119,0,41
118,0,42
119,0,43
120,0,39
123,0,36
128,0,34
128,1,32
129,1,32
130,1,32
130,1,30
129,1,29
129,2,28
129,2,27
129,2,27
129,2,27
129,2,26
129,2,26
129,2,26
129,2,26
129,2,26
129,2,26
129,2,26
128,3,26
128,3,26
128,3,26
129,3,26
128,3,26
129,3,26
129,3,26
129,3,27
129,3,27
128,3,27
128,3,27
128,3,27
128,3,27
127,3,27
127,2,29
127,2,32
127,2,36
127,1,40
126,1,45
123,1,49
121,1,52
121,0,55
122,0,58
123,0,59
125,0,61
127,1,61
128,1,62
129,0,63
129,1,64
129,1,64
129,1,65
128,1,65
128,0,65
128,0,65
128,0,60
128,0,52
129,0,46
130,0,42
130,0,38
130,0,36
129,1,34
129,1,32
129,1,30
128,1,29
128,2,28
128,2,27
128,2,27
128,2,26
129,2,26
130,2,26
130,2,26
130,2,29
131,2,35
131,1,41
130,0,49
128,0,57
126,1,64
126,1,69
128,1,72
131,1,74
132,1,75
132,1,72
132,1,63
130,1,53
131,1,45
130,0,40
130,0,36
129,0,34
128,0,32
128,0,29
129,0,28
129,0,28
130,0,27
131,0,26
132,1,25
134,1,25
134,1,24
134,1,24
134,1,24
133,1,24
133,1,24
132,1,24
130,1,24
130,1,24
130,1,24
129,1,24
128,1,24
128,1,24
128,1,24
128,2,25
128,2,25
128,1,26
128,1,29
128,1,32
128,1,34
127,0,31
123,0,30
122,1,28
121,2,28
122,2,28
122,2,28
124,2,28
124,2,28
126,2,28
127,2,27
128,2,27
128,2,26
128,2,26
129,2,25
129,2,25
130,2,25
130,2,25
130,3,25
130,3,26
130,3,26
130,3,26
130,3,26
129,3,27
129,2,28
129,2,28
129,2,28
128,2,28
128,2,28
128,2,29
128,2,29
127,3,29
126,3,29
126,3,30
126,3,31
126,3,31
126,3,31
126,3,31
126,3,32
126,3,32
125,3,32
125,3,32
125,3,33
124,3,33
124,2,34
124,2,35
123,2,36
123,2,36
124,2,37
123,2,37
123,2,37
122,2,37
121,2,37
121,2,39
121,2,40
120,2,40
121,2,41
121,2,41
121,2,41
121,2,41
120,2,42
120,1,42
119,1,42
119,1,41
120,1,41
121,1,41
124,1,40
124,1,40
125,0,39
126,0,38
126,0,37
125,0,37
124,0,36
124,1,36
124,1,37
124,1,40
124,0,48
124,0,59
124,1,66
124,1,72
128,1,76
132,1,69
132,1,56
133,1,48
135,1,43
134,1,39
133,0,35
131,0,32
131,1,31
131,2,30
131,2,31
132,2,33
133,2,34
134,3,34
134,3,33
134,2,34
133,2,35
133,2,39
132,1,45
132,1,54
130,0,67
129,1,79
128,1,85
128,1,88
130,1,86
131,1,84
131,1,74
132,1,63
133,1,54
133,1,47
134,0,44
134,0,43
132,0,41
131,0,39
131,0,36
130,1,33
131,1,32
132,0,31
134,0,33
136,0,36
136,0,37
134,0,39
133,1,41
132,1,44
133,1,45
133,1,47
133,1,48
133,1,50
134,1,51
135,1,53
135,0,54
134,0,55
134,0,55
135,1,55
135,1,56
136,1,56
136,1,57
136,1,57
136,1,57
135,1,57
135,1,58
135,1,58
135,1,58
134,1,58
134,1,58
134,1,57
134,1,57
133,1,57
134,1,57
133,1,56
134,1,56
133,1,56
133,1,55
134,1,55
135,1,54
135,1,54
135,1,53
135,1,53
134,1,48
134,1,42
135,1,36
135,1,34
134,1,32
134,1,32
133,0,31
133,0,31
134,0,31
136,0,30
137,1,29
137,1,28
137,2,28
137,2,27
137,2,27
137,2,27
137,2,26
137,2,26
137,2,26
137,2,25
136,2,25
136,2,25
136,2,25
136,2,25
136,2,25
136,2,25
135,2,25
135,2,25
135,2,25
135,2,26
134,3,26
134,3,26
134,3,26
133,3,26
133,3,26
132,3,27
132,3,27
132,3,27
131,3,27
131,3,27
131,2,28
130,2,28
130,2,28
129,3,29
129,3,29
128,3,30
128,3,31
128,3,32
128,2,32
128,2,33
128,2,34
127,2,34
126,2,34
125,2,35
125,2,35
124,2,35
123,2,35
123,2,34
123,2,34
122,3,34
123,2,35
123,2,36
123,2,37
123,2,39
124,2,39
124,2,39
124,2,39
123,2,39
123,2,38
121,2,38
121,2,38
121,2,38
120,2,39
121,2,39
121,2,41
121,2,42
122,2,43
122,2,45
122,1,47
122,1,48
122,1,50
121,1,52
120,1,58
120,1,61
120,1,64
121,1,66
124,0,66
127,0,64
128,0,56
129,0,49
130,1,45
130,2,43
131,1,43
131,2,43
131,2,44
131,2,43
130,2,42
128,2,41
127,2,39
125,2,39
124,2,38
124,2,37
124,2,37
125,2,37
126,2,37
127,2,37
128,2,37
128,2,37
128,2,37
128,2,38
128,2,41
128,1,44
128,1,54
127,1,75
127,0,91
123,1,95
123,1,88
127,1,75
130,1,65
132,1,56
133,1,48
132,0,44
131,1,44
130,2,44
130,1,44
130,1,44
129,1,43
128,2,42
128,2,40
127,2,39
127,2,38
126,2,37
126,2,37
126,2,37
127,2,37
127,2,37
128,2,38
128,2,38
128,2,38
128,2,38
128,2,37
128,2,37
127,2,37
127,2,37
126,2,37
126,2,37
126,2,37
126,2,39
126,1,44
126,1,48
126,1,53
126,1,59
125,1,64
125,0,69
125,1,72
126,1,74
128,1,76
131,1,74
132,1,69
132,1,67
131,1,66
132,1,66
132,1,65
132,1,63
132,1,62
132,1,62
132,0,58
132,0,51
135,0,45
136,1,41
135,2,40
135,1,40
134,1,41
134,1,41
133,2,40
132,2,39
131,2,38
129,3,36
128,3,35
127,3,34
127,3,34
127,3,33
128,3,33
128,3,33
128,3,33
128,3,32
128,3,32
129,3,32
130,3,32
130,3,32
130,3,32
130,3,32
130,3,32
129,3,32
129,3,32
128,3,32
128,3,32
128,3,32
128,2,33
128,2,37
128,1,43
128,1,59
128,1,74
124,1,77
121,1,66
122,1,57
128,0,50
128,1,45
128,2,43
128,1,43
129,2,43
129,2,43
129,2,42
128,2,40
127,2,39
125,3,37
124,3,36
124,3,35
124,3,34
124,3,34
125,3,34
126,3,34
127,3,33
128,3,33
129,3,33
129,3,32
130,3,32
130,3,32
130,3,32
130,3,32
130,3,32
130,3,32
130,2,33
129,2,35
129,2,37
129,2,38
128,1,39
128,1,41
128,1,42
126,2,40
124,2,38
122,2,36
120,3,36
120,3,35
121,2,37
122,2,37
123,2,37
124,2,37
126,2,37
127,2,36
127,2,36
128,2,36
127,2,36
127,2,36
127,2,36
126,2,36
127,2,37
127,2,37
126,2,37
126,2,38
126,2,38
126,2,39
126,2,39
126,2,40
126,2,39
125,2,39
125,2,40
125,2,41
125,1,43
125,1,50
125,1,58
125,1,70
126,0,81
125,1,87
126,1,87
129,1,83
130,1,71
133,1,59
134,1,50
134,1,44
134,1,40
134,1,38
132,0,34
131,0,33
130,1,35
131,1,38
131,2,43
131,1,46
131,1,50
130,1,55
128,1,60
128,1,66
127,0,71
127,1,73
128,1,75
130,1,77
132,1,75
132,1,71
132,1,62
133,0,54
133,1,47
133,1,44
132,1,44
133,1,45
133,2,46
132,2,48
131,1,52
130,1,60
128,1,67
130,0,70
130,1,70
130,1,71
132,1,73
134,1,71
134,1,61
134,1,53
133,0,47
132,1,44
132,2,43
132,2,43
131,2,42
131,2,39
131,2,36
129,2,34
129,2,33
129,2,32
130,2,31
130,2,30
131,3,29
131,3,29
132,3,28
132,3,28
133,3,28
133,3,27
134,3,27
134,3,26
134,3,27
134,2,28
134,1,31
134,1,35
133,1,38
130,1,40
128,0,42
126,0,43
125,0,43
125,0,43
126,0,43
127,1,43
129,1,44
131,1,44
132,1,44
132,1,44
132,0,45
131,0,46
130,1,46
131,1,46
132,1,46
133,1,47
134,1,47
135,1,45
133,1,39
133,1,35
133,1,32
132,1,30
133,0,29
134,0,28
136,0,27
137,0,27
138,0,26
140,0,25
141,0,24
141,0,24
141,0,24
140,0,24
139,0,24
138,0,24
137,0,25
136,0,28
135,0,31
134,0,34
132,0,38
131,1,41
129,1,44
129,1,46
128,1,48
129,1,57
131,1,71
131,1,75
133,1,76
133,1,73
133,1,62
134,1,51
135,1,44
135,1,39
135,1,36
133,1,34
132,1,31
131,1,29
131,1,28
132,0,27
134,0,26
136,0,24
138,0,23
140,0,23
141,0,22
141,0,22
141,0,22
141,0,22
139,0,22
137,0,22
137,0,22
135,0,22
134,0,23
134,0,23
133,0,23
133,0,23
133,0,23
133,0,24
133,0,24
132,0,24
132,0,24
132,0,24
131,1,25
131,1,25
130,1,25
130,1,25
129,1,25
129,2,25
128,2,25
128,2,26
128,2,26
128,2,26
128,2,26
128,2,26
129,2,26
129,2,26
129,2,26
129,3,26
130,3,27
130,3,26
130,3,26
130,3,26
131,3,27
131,3,27
131,3,27
131,3,27
131,3,28
130,2,28
130,2,29
130,2,30
130,2,30
129,2,30
129,2,30
129,2,30
128,2,29
128,2,31
128,2,35
128,1,39
128,1,42
128,2,44
126,1,48
124,1,51
122,1,54
122,1,55
123,1,56
124,1,57
127,1,58
128,0,58
128,0,58
128,0,58
129,0,58
130,0,58
131,0,58
132,0,57
134,0,57
134,0,57
135,1,57
134,1,57
135,1,57
135,0,58
135,1,60
135,1,61
134,1,62
134,1,62
134,0,62
133,0,63
133,0,63
133,0,64
133,0,63
134,0,62
134,0,55
135,0,48
136,0,43
135,0,38
135,0,36
134,0,34
134,0,32
134,1,30
135,1,29
136,1,28
137,1,27
137,1,26
138,1,26
138,1,25
138,1,25
137,1,24
136,1,24
135,1,24
134,1,24
134,1,24
133,1,24
133,2,24
132,2,24
132,2,24
131,2,28
132,1,35
132,0,50
131,1,63
126,1,63
122,1,55
126,1,47
131,0,43
131,0,40
131,0,38
130,0,37
129,1,34
128,0,32
128,0,33
128,0,38
129,0,50
128,1,74
128,1,86
126,1,86
129,1,75
131,1,67
135,1,58
133,1,48
133,1,42
132,1,40
132,1,37
131,1,34
129,1,31
130,0,29
130,0,27
132,0,26
134,0,26
136,0,25
139,0,24
140,0,25
141,0,30
141,0,37
139,1,42
135,1,52
132,1,63
132,1,70
133,1,74
134,1,74
134,1,71
134,1,64
134,1,53
137,1,45
135,1,39
133,1,35
132,1,33
131,1,31
131,1,29
132,1,27
133,1,25
134,1,25
135,1,24
137,1,23
139,0,23
139,0,22
139,1,22
139,1,22
138,1,22
136,0,22
135,0,22
134,0,22
134,0,22
134,0,22
134,0,22
133,0,22
133,0,23
132,0,23
132,0,23
132,0,23
132,0,24
132,0,24
132,0,24
132,0,24
132,0,24
131,1,25
130,1,25
130,1,25
129,1,25
129,2,25
128,2,25
128,2,25
128,2,25
128,2,25
128,2,25
128,2,25
128,3,25
129,3,26
129,3,26
129,3,27
130,2,31
130,2,37
130,1,42
128,1,46
126,0,49
123,0,51
122,0,53
122,0,54
123,0,55
125,0,56
128,0,56
129,0,58
129,1,60
130,1,61
130,1,61
130,1,61
130,0,53
130,0,47
131,1,44
131,1,49
132,1,55
131,1,60
130,1,68
131,1,80
133,1,85
133,1,85
133,1,84
134,1,83
134,1,73
133,1,64
134,1,53
133,1,45
134,1,40
134,1,37
133,1,35
131,1,31
130,1,30
130,1,33
131,1,37
131,1,41
128,1,44
126,1,45
125,1,47
126,1,49
129,1,50
132,1,51
134,1,51
135,1,51
135,1,46
135,1,39
134,1,35
131,1,32
132,1,30
134,1,28
135,1,27
137,1,27
139,1,26
140,1,25
140,1,24
141,1,24
140,1,23
140,1,23
138,1,23
137,1,23
136,1,22
135,1,22
134,0,22
134,0,22
133,0,23
133,0,23
132,0,23
132,0,23
132,0,23
132,0,24
132,0,24
132,1,25
132,1,25
131,2,25
131,2,25
130,2,25
129,2,26
129,2,26
128,2,25
128,2,25
128,2,25
128,3,25
128,3,25
128,3,26
128,3,26
128,3,26
129,3,26
129,3,27
129,3,27
129,2,27
129,2,30
129,2,29
128,2,28
128,3,27
127,3,27
127,3,27
127,3,27
127,3,27
127,3,27
128,2,28
128,2,28
128,2,29
128,3,30
128,3,29
128,3,30
128,3,31
128,3,31
128,3,31
128,3,31
127,3,31
127,3,31
127,3,31
126,3,31
126,3,31
125,3,31
125,3,31
125,3,31
125,3,31
125,3,32
125,2,39
125,1,44
126,1,50
124,1,54
121,1,58
118,0,54
118,1,48
121,2,43
122,2,41
124,2,41
126,2,42
128,2,41
128,2,39
127,2,40
126,1,44
125,1,56
125,1,65
124,0,72
123,1,73
124,1,75
128,1,78
131,1,73
132,1,63
132,1,57
133,1,54
132,1,51
130,0,48
129,0,47
129,0,46
129,1,46
129,1,47
129,1,47
129,1,48
128,1,48
129,1,48
129,1,48
130,1,48
130,1,48
130,1,48
130,0,48
129,0,49
129,0,58
129,1,79
129,1,89
128,1,91
129,1,90
132,1,84
133,1,78
132,1,75
133,1,67
135,1,56
134,1,48
133,1,42
132,1,37
131,1,35
130,1,36
128,1,40
128,1,45
128,1,53
129,1,56
134,1,60
135,1,63
136,1,65
136,1,67
135,1,68
135,1,67
135,1,57
136,1,48
138,1,40
136,1,34
135,1,31
134,1,28
136,1,27
139,1,25
140,1,25
140,0,25
140,0,25
138,0,26
137,1,27
137,1,28
136,2,28
136,2,28
135,2,27
135,2,26
134,2,26
133,2,25
133,2,25
133,2,25
133,2,25
133,2,25
133,3,25
133,3,25
132,3,25
132,3,25
132,3,25
132,3,25
131,3,26
131,3,26
131,3,26
131,3,26
131,3,26
131,3,26
130,3,26
130,3,26
130,3,26
130,3,27
130,3,27
130,3,27
129,3,27
129,2,28
129,2,28
128,2,28
128,2,29
128,2,29
128,2,29
128,2,30
128,3,30
128,3,30
128,3,30
128,3,30
128,3,30
128,3,30
128,3,30
127,3,30
127,3,31
127,3,31
127,3,31
127,3,31
126,3,31
126,3,31
126,3,31
127,3,31
127,3,31
127,3,31
127,3,31
128,3,31
128,3,31
128,3,31
128,3,31
128,3,32
128,2,33
128,2,33
128,2,34
128,2,35
127,2,35
127,2,35
126,2,35
126,2,35
125,2,35
125,2,36
125,2,36
124,2,36
124,2,36
124,2,36
124,2,36
124,2,37
124,2,37
124,2,37
124,2,37
123,2,37
124,2,37
124,2,38
124,2,40
124,2,42
124,2,43
124,1,45
123,1,48
123,1,52
122,1,57
121,1,66
121,0,72
122,0,74
124,1,75
126,1,77
129,1,78
131,1,78
132,1,78
132,1,68
131,1,59
134,1,50
135,0,45
134,1,42
133,1,41
132,2,42
132,2,42
132,1,42
131,2,41
131,2,39
130,2,37
128,2,36
128,2,34
128,2,33
128,2,32
128,3,32
130,3,31
130,3,31
131,3,31
132,3,30
133,3,30
134,3,30
134,3,30
134,3,30
134,3,30
134,3,30
133,3,31
132,3,32
132,2,33
131,2,33
131,2,34
131,2,35
129,2,35
129,2,36
128,2,36
128,2,37
127,2,38
127,2,38
126,2,38
125,2,39
124,2,39
123,2,38
123,2,38
122,2,38
122,2,38
122,2,37
122,2,37
122,2,37
123,2,38
123,2,38
124,2,38
124,2,39
125,2,41
125,1,45
125,1,47
125,1,52
124,1,60
124,1,65
124,0,69
124,1,72
125,1,74
128,1,76
131,1,66
133,1,56
133,1,50
132,0,45
130,1,42
130,1,42
130,1,43
130,2,44
131,2,44
130,2,43
129,2,42
128,2,41
126,2,40
125,2,39
124,2,38
124,2,38
124,3,37
124,3,37
126,2,36
127,2,38
128,2,39
128,2,40
128,2,41
129,2,41
128,1,42
128,1,42
127,1,43
126,1,44
126,1,45
125,1,47
124,1,50
124,1,54
123,1,57
122,1,60
122,1,58
124,1,51
128,1,47
129,2,42
130,2,41
130,2,41
131,2,42
132,2,42
132,2,41
130,2,40
128,2,38
127,2,37
125,2,37
125,2,36
125,2,36
125,2,36
126,2,36
127,2,36
128,2,36
128,2,36
129,2,36
130,2,36
130,2,36
129,2,35
130,2,35
129,2,35
129,2,35
129,2,35
129,2,35
129,2,35
128,2,35
128,2,35
128,2,35
128,2,35
128,2,35
128,2,35
128,2,35
128,2,35
128,2,35
128,2,35
128,2,35
128,2,35
128,2,35
128,2,35
128,2,35
128,2,35
128,2,35
128,2,35
128,2,35
128,2,36
128,2,36
128,2,36
128,2,36
128,2,36
128,2,36
128,2,36
128,2,38
128,2,39
128,2,41
128,1,49
128,1,64
127,1,76
126,1,80
124,1,81
127,1,82
130,1,80
131,1,69
131,1,58
134,1,50
135,1,45
134,0,41
133,1,41
132,2,42
132,1,43
132,1,43
131,2,42
130,2,41
129,2,39
128,3,37
128,3,36
127,3,35
128,2,36
128,2,38
128,2,40
129,1,43
129,1,46
129,1,48
128,1,51
127,1,54
126,1,58
124,1,61
124,1,63
126,0,65
128,0,66
129,0,67
130,0,70
131,1,71
133,1,71
134,1,72
136,1,68
135,1,61
134,1,56
134,0,51
133,0,48
132,1,47
131,1,47
130,1,47
129,2,47
129,2,47
129,1,47
129,1,47
128,1,47
128,1,47
128,1,47
128,1,47
127,1,47
126,1,47
126,1,47
125,1,47
125,1,47
124,1,47
124,1,46
123,1,46
123,1,46
122,1,46
122,1,46
122,1,46
121,2,46
121,2,45
121,2,45
121,2,45
120,2,45
120,2,45
121,2,45
121,2,45
120,2,45
121,2,45
121,2,45
122,2,45
122,2,45
122,2,45
122,2,45
122,2,45
122,2,44
122,2,45
123,2,45
123,2,46
124,2,46
125,1,46
126,1,45
127,1,45
128,1,45
128,1,44
128,1,44
128,1,44
129,1,44
129,1,42
130,1,38
130,1,35
131,2,34
132,2,33
133,2,33
134,2,32
135,2,31
136,2,31
136,2,34
136,1,38
137,1,41
137,1,44
132,1,46
131,1,48
130,1,50
130,1,52
131,1,55
131,0,57
132,0,58
132,0,59
132,0,59
133,1,60
135,1,60
136,1,57
136,1,48
136,0,43
134,0,40
133,1,38
133,1,38
134,1,38
134,1,36
135,2,34
135,2,32
136,2,31
136,2,31
136,2,30
136,2,29
137,2,29
138,2,28
138,2,28
139,3,28
139,2,28
139,2,27
138,3,27
138,3,27
138,3,27
137,3,27
137,3,27
137,3,27
137,3,27
136,3,27
136,3,27
136,2,27
135,2,27
135,3,27
135,2,27
135,3,27
134,3,27
134,3,27
134,3,27
134,2,27
133,2,28
133,2,28
133,2,28
133,2,28
133,2,28
133,2,28
133,2,28
133,2,28
133,2,28
133,2,29
133,2,29
132,2,29
132,3,29
132,3,29
132,3,30
132,3,30
133,3,31
133,2,31
133,2,32
133,2,34
132,2,34
131,2,35
131,2,35
130,2,35
129,2,35
128,2,35
128,2,35
127,2,35
127,2,35
127,2,36
126,2,37
127,2,39
127,2,40
127,2,42
127,2,43
127,2,45
126,1,46
125,1,48
125,1,49
124,1,51
122,1,52
121,1,55
121,1,57
122,1,60
123,1,62
125,1,64
127,0,65
128,0,66
129,0,67
130,0,68
131,1,68
133,1,68
134,1,68
135,1,68
135,1,68
135,1,69
135,1,69
135,1,69
135,1,69
135,1,68
134,1,68
134,1,68
135,1,68
135,1,67
136,1,67
134,1,67
134,1,67
134,1,67
134,1,67
134,1,67
134,1,67
134,1,67
135,1,67
134,1,66
133,1,66
133,1,67
133,1,67
133,1,67
133,0,68
133,0,69
133,0,69
133,0,60
133,0,52
134,0,46
134,1,41
134,1,38
133,1,36
134,2,34
134,2,33
134,2,31
134,2,30
135,2,29
135,3,28
136,3,27
137,3,26
138,2,26
138,2,25
139,3,25
139,3,25
138,3,25
138,3,24
137,3,24
136,3,25
136,3,25
135,3,25
135,3,26
134,3,26
133,3,26
132,3,26
132,3,26
132,3,26
131,2,28
131,2,33
131,1,36
131,1,40
130,1,41
128,1,44
126,1,46
126,1,47
126,1,50
127,1,51
127,0,53
127,0,56
128,1,57
128,1,60
129,1,62
129,1,63
130,1,64
131,1,65
131,1,65
132,1,66
133,1,66
133,1,67
133,1,67
133,1,67
133,1,67
133,1,67
133,1,67
133,1,67
133,0,63
132,0,55
132,0,48
133,0,43
134,0,39
134,1,37
134,1,35
135,2,33
135,2,31
135,2,30
136,2,29
137,2,27
137,2,27
138,2,26
139,2,26
139,2,25
140,2,25
139,2,25
139,3,25
139,3,25
138,3,25
138,3,25
138,3,25
138,3,26
137,3,26
136,3,27
136,2,27
135,3,28
135,3,29
134,3,29
134,3,30
133,3,30
133,3,30
133,3,30
132,3,30
132,2,30
132,2,30
132,2,32
131,2,34
131,2,36
132,2,38
131,2,39
130,1,40
128,2,41
127,2,43
125,1,46
123,2,48
123,1,54
122,1,59
122,0,63
124,0,67
127,0,69
128,1,70
129,1,72
131,1,73
133,1,74
134,1,74
133,1,74
134,1,74
134,1,74
135,1,74
135,1,72
135,1,64
134,1,56
134,1,48
134,1,42
132,0,38
131,1,38
131,1,38
131,1,38
132,2,35
133,2,33
133,2,31
132,3,30
133,3,29
133,3,29
134,3,28
136,3,28
137,3,27
137,3,27
138,3,26
138,3,26
138,3,26
137,3,25
137,3,25
137,3,25
136,3,25
136,3,25
135,3,25
135,3,26
135,3,26
135,3,26
134,3,27
134,3,27
134,2,27
133,2,27
133,2,27
133,2,27
132,3,27
132,3,27
132,3,28
132,2,28
131,2,28
131,2,28
131,2,28
131,3,28
130,3,29
130,3,29
130,3,30
130,3,30
130,3,31
130,3,31
130,3,32
129,3,32
129,3,32
128,2,32
128,3,33
128,2,33
128,2,33
127,2,33
128,3,33
127,3,33
127,3,33
127,3,33
127,3,33
127,3,33
127,3,33
127,3,33
127,3,33
127,3,33
127,3,33
128,3,34
128,2,34
128,2,35
128,2,35
128,2,35
127,2,36
127,2,36
127,2,36
126,2,36
126,2,36
126,2,37
126,2,37
126,2,37
125,2,37
125,2,37
125,2,37
125,2,37
126,2,38
126,2,40
126,2,42
126,1,44
126,1,45
125,1,47
123,1,48
122,1,50
121,2,51
119,2,52
119,1,52
120,1,53
121,1,54
122,1,54
125,1,54
126,1,55
128,1,55
129,1,56
130,1,57
131,1,57
131,1,57
132,1,57
132,0,58
131,0,58
131,0,58
131,0,58
131,0,57
132,0,57
132,0,57
132,0,57
133,0,57
134,0,57
134,0,57
134,0,57
135,0,57
135,0,57
135,0,57
135,0,56
135,0,56
135,0,63
136,1,78
136,1,91
131,1,94
131,1,93
132,1,93
134,1,90
134,1,83
134,1,76
135,1,68
134,1,60
132,1,53
132,1,47
132,0,45
131,0,44
129,0,43
129,0,40
128,1,38
129,1,35
129,1,33
130,2,31
132,2,30
133,2,28
134,2,28
136,2,27
137,2,26
138,2,26
139,2,25
140,2,25
140,2,25
140,2,24
139,2,24
139,2,24
138,2,24
137,2,24
136,2,24
136,2,24
135,2,24
135,2,24
135,2,24
135,2,24
134,2,24
134,2,24
134,2,24
134,2,25
133,2,25
133,2,25
134,2,25
134,2,25
134,2,25
134,2,26
134,2,26
133,2,26
133,2,26
133,2,26
133,2,26
133,2,26
133,2,26
133,2,26
133,2,26
133,3,26
133,3,26
133,3,27
133,3,27
134,3,27
134,3,27
134,3,27
134,3,27
134,3,27
134,3,27
134,3,27
134,3,27
133,3,27
133,3,27
132,3,27
132,3,27
132,3,27
132,3,27
132,3,27
131,3,28
131,2,28
131,2,28
130,2,28
130,2,28
130,3,29
130,3,29
130,3,30
130,3,30
130,2,32
130,2,33
130,2,34
130,2,35
130,2,35
129,2,34
128,2,34
128,2,34
128,2,34
127,2,35
126,2,35
126,2,35
125,2,36
126,2,36
126,2,37
126,2,37
126,2,37
126,2,37
126,2,37
126,2,37
125,2,37
125,2,37
124,2,37
124,2,37
124,2,37
124,2,38
124,2,41
125,2,44
125,1,48
125,1,56
124,1,70
124,0,81
124,1,85
125,1,86
128,1,84
129,1,83
130,1,74
130,1,65
133,1,55
134,1,49
133,0,45
132,1,44
131,1,43
130,2,44
130,1,44
129,2,43
130,2,42
129,2,40
128,2,37
128,2,36
128,2,34
128,2,34
129,3,33
130,3,32
131,3,32
133,2,31
134,3,31
135,3,31
136,3,30
136,3,31
137,3,30
137,3,30
137,3,30
136,3,30
135,3,30
135,3,31
134,3,31
133,3,31
133,3,31
132,3,32
131,2,33
131,2,34
131,2,36
130,2,37
130,2,37
129,2,37
128,2,37
127,2,37
126,2,37
128,1,50
128,1,68
127,1,78
123,1,88
122,1,93
124,1,95
127,1,93
129,1,92
130,1,93
131,1,90
132,1,78
135,1,72
136,1,66
134,1,60
134,1,58
134,1,56
133,0,55
132,0,54
131,0,53
131,0,50
131,0,44
132,1,40
134,1,38
135,2,37
135,2,37
136,2,37
136,2,36
136,2,34
135,2,33
134,2,31
134,2,31
133,2,30
133,2,30
133,2,29
134,2,29
134,2,29
135,2,29
135,2,32
136,2,34
135,2,36
134,2,38
133,2,41
131,2,43
129,1,45
128,1,47
126,1,49
126,1,51
127,1,52
127,1,54
128,1,57
130,0,58
130,0,59
130,0,53
130,0,47
131,0,42
131,1,40
132,2,38
132,2,39
133,2,39
133,2,37
134,2,36
134,2,35
133,2,33
132,2,32
132,2,31
133,2,31
133,2,30
133,2,30
134,2,30
135,2,30
136,2,29
136,2,29
137,2,29
137,2,29
137,2,29
137,2,29
136,2,29
136,2,29
135,2,29
135,2,31
135,2,32
134,2,33
134,2,34
133,2,36
132,2,38
130,2,39
128,2,41
127,2,42
126,2,44
124,2,46
123,2,47
122,1,48
122,1,50
123,1,51
124,1,52
126,1,53
128,1,54
129,1,55
130,1,56
131,1,57
131,0,57
132,0,57
131,0,57
130,0,58
130,0,58
131,0,58
131,0,59
132,0,64
133,0,69
134,1,72
135,1,74
136,1,75
137,1,76
137,1,76
136,1,76
136,1,76
136,1,63
135,1,54
134,0,47
134,0,44
133,1,43
133,2,43
133,1,44
134,1,44
133,1,43
132,2,41
130,2,39
128,3,37
128,3,36
128,3,35
128,3,34
128,3,34
128,3,34
129,3,34
130,2,34
131,3,34
132,2,34
132,2,35
132,2,36
133,2,37
133,2,38
132,2,39
132,2,39
130,2,39
129,2,39
128,2,39
127,2,39
126,2,39
125,2,39
124,2,39
123,2,40
124,2,41
124,2,41
125,2,41
125,2,41
125,2,40
124,2,39
123,2,38
123,2,37
124,2,36
124,2,36
125,2,36
126,2,36
126,2,37
127,2,39
127,1,41
128,1,43
127,2,46
126,1,50
124,1,54
123,1,58
123,0,61
125,0,63
128,0,64
129,1,65
131,1,65
132,1,66
133,1,66
133,1,67
133,1,67
132,1,67
133,1,67
133,1,67
134,1,64
135,1,52
135,1,45
135,1,40
134,1,37
133,1,35
132,0,34
134,0,31
135,0,30
136,0,28
138,0,27
140,0,26
141,0,25
142,0,24
142,0,24
142,0,24
141,0,23
139,0,23
138,0,23
136,0,23
135,0,23
134,0,23
133,0,24
131,1,24
130,1,24
130,1,24
129,1,24
128,1,24
128,1,24
128,1,24
128,1,24
128,1,24
128,1,24
128,1,24
128,1,24
128,1,24
128,1,24
128,2,24
128,2,24
128,2,24
128,2,24
128,2,24
128,2,25
128,2,25
128,2,25
128,2,25
128,2,25
128,2,27
128,2,30
128,2,34
127,1,37
126,0,40
124,0,44
123,0,51
122,0,59
123,1,65
125,1,68
127,1,71
128,1,72
128,1,68
127,1,57
126,1,50
126,0,43
124,0,39
123,0,36
123,0,34
122,0,32
122,0,30
123,0,28
123,0,27
123,0,26
123,1,26
123,0,26
123,0,29
122,0,33
121,0,37
125,0,40
122,0,41
120,1,42
126,1,38
128,0,35
132,0,32
135,0,31
135,1,31
136,1,31
136,1,30
135,1,29
133,1,28
131,1,27
130,1,27
129,2,26
128,2,26
128,2,26
127,2,26
126,2,26
126,2,26
126,2,25
125,2,26
126,2,26
126,3,26
126,3,26
126,3,26
127,2,30
127,2,34
127,1,38
127,1,42
125,1,44
122,1,46
120,1,48
126,1,50
127,1,51
128,1,52
128,0,54
128,0,57
128,0,59
128,1,62
128,1,65
128,1,67
128,1,68
128,1,69
128,0,69
128,0,69
128,0,69
128,0,69
128,0,69
128,0,68
128,0,68
128,0,67
128,0,65
128,0,62
128,1,60
129,1,58
129,1,55
129,1,47
128,1,42
128,1,37
126,1,34
126,0,32
126,0,30
126,0,29
127,0,27
127,0,26
127,0,25
127,0,25
127,0,24
127,0,24
127,0,24
127,0,24
126,0,24
125,0,24
125,0,24
124,0,24
123,0,24
123,0,24
122,1,24
122,1,24
122,1,24
122,1,24
122,1,24
121,1,24
127,1,24
127,1,24
127,1,24
127,1,24
127,2,24
127,2,24
127,2,25
127,1,32
127,1,46
128,0,62
124,1,69
123,1,75
128,1,77
131,1,72
132,1,61
133,1,51
135,1,45
132,1,40
130,1,39
128,1,37
126,1,33
124,0,31
124,0,29
125,0,28
126,0,27
128,0,27
129,0,26
131,0,26
132,1,25
132,1,24
131,1,24
130,1,24
129,1,24
129,1,24
128,1,24
128,2,24
127,3,24
127,3,24
127,2,24
126,2,24
126,2,24
126,2,25
126,2,25
127,2,25
127,2,25
128,2,25
128,2,25
129,2,27
129,1,33
129,1,39
129,1,47
127,0,54
125,0,58
125,1,62
127,1,64
130,1,66
133,1,68
133,1,70
133,0,69
132,0,68
131,0,61
132,0,53
133,0,45
134,0,41
133,0,37
132,0,34
132,0,32
131,0,30
131,0,29
131,0,28
132,0,27
132,1,26
132,1,26
132,1,25
131,1,25
131,1,25
130,1,28
130,0,33
129,0,37
128,0,41
126,1,42
124,0,37
125,0,34
129,1,32
133,1,32
136,1,33
139,1,31
140,1,30
139,1,29
137,1,28
136,1,27
136,1,27
135,2,26
134,2,26
134,2,26
133,2,26
133,1,30
133,1,46
133,0,69
128,1,80
127,1,84
130,1,83
131,1,82
132,1,77
132,1,69
133,1,59
134,1,50
132,1,44
129,1,39
128,1,38
127,1,34
127,1,31
127,0,29
127,0,28
128,0,26
130,0,25
133,0,24
133,0,23
134,0,23
135,0,23
135,0,26
135,0,30
133,0,34
131,1,37
129,1,45
129,1,51
130,1,56
130,1,59
132,1,62
134,1,59
136,1,48
136,1,42
135,1,38
134,1,35
132,1,32
131,1,31
131,0,29
132,0,28
132,0,27
133,0,26
134,0,25
135,0,24
136,0,26
136,0,31
137,1,34
135,1,38
132,1,41
131,1,44
130,1,46
130,1,48
129,1,49
130,1,50
131,1,47
132,1,41
133,1,37
134,1,34
134,0,32
134,0,32
135,0,30
136,0,29
136,0,27
136,0,26
137,0,25
137,0,25
138,0,24
138,0,24
137,0,24
137,1,24
136,1,24
135,1,25
135,1,24
134,2,24
133,2,24
132,2,24
131,2,25
130,2,25
130,3,25
130,3,25
130,3,26
130,3,26
130,3,26
130,3,27
131,3,27
131,3,27
131,3,27
131,3,27
131,3,28
131,3,28
131,2,28
131,2,31
131,2,34
131,1,34
130,2,32
129,2,31
128,3,30
127,3,29
128,3,29
128,2,30
129,3,29
129,3,29
130,3,29
130,3,29
131,3,29
131,3,29
131,3,29
131,3,30
130,3,30
130,3,30
130,3,31
130,3,32
129,3,33
129,3,33
129,3,34
128,2,34
128,2,36
128,2,38
128,2,39
128,2,40
127,2,41
126,2,41
124,2,40
122,2,40
120,3,39
119,3,38
119,3,38
119,3,38
120,2,38
121,2,41
122,2,44
123,1,47
124,2,49
124,2,49
123,2,48
122,2,47
122,2,48
122,1,51
122,1,57
123,1,62
123,0,66
124,0,69
126,1,70
128,1,67
132,1,58
135,1,49
133,0,44
130,1,42
130,1,39
129,1,37
129,2,35
129,3,33
129,3,32
129,2,33
129,2,36
129,1,44
130,1,60
128,0,68
123,1,74
125,1,80
130,1,81
132,1,80
132,1,79
133,1,78
134,1,78
134,1,77
134,1,77
133,1,74
134,1,66
135,1,54
136,1,45
130,1,38
128,1,34
127,1,31
124,1,29
124,1,28
124,1,28
126,1,29
127,0,33
127,0,40
126,1,57
126,1,79
126,1,91
127,1,92
129,1,92
132,1,93
132,1,93
133,1,93
134,1,93
134,1,92
133,1,92
133,1,93
133,1,90
132,1,77
134,1,68
133,1,55
129,1,45
128,1,38
124,1,34
118,1,30
115,1,27
114,1,25
115,1,23
117,1,22
119,1,21
122,1,22
124,1,23
124,1,24
124,0,25
123,0,26
123,0,27
123,0,27
123,0,27
124,0,26
125,1,26
127,1,25
127,1,25
128,1,25
127,1,24
127,1,24
125,1,24
124,1,24
123,1,24
122,1,24
122,1,24
121,1,24
120,1,24
120,1,24
119,1,24
119,1,24
120,3,24
120,3,24
120,3,24
120,2,25
121,2,24
121,2,25
122,2,25
122,2,25
123,2,25
123,2,25
124,3,25
125,3,25
126,3,26
127,3,26
128,3,26
128,3,27
128,3,27
128,3,27
128,3,28
128,3,28
128,3,28
128,3,29
128,3,29
128,3,30
128,3,30
128,3,31
128,3,31
128,3,31
128,3,31
128,3,31
128,3,31
127,3,31
127,3,32
127,3,32
127,3,32
127,3,32
127,3,32
127,3,33
127,3,33
127,2,34
127,2,35
126,2,36
127,2,37
126,2,37
126,2,38
125,2,38
124,2,38
123,2,38
123,2,38
123,2,38
123,3,37
123,2,37
122,2,38
123,2,38
123,2,38
124,2,38
124,2,39
124,2,39
125,2,39
125,2,39
125,2,39
124,2,38
124,3,38
124,3,38
123,2,38
123,2,38
123,2,40
124,2,43
124,2,46
124,1,51
124,1,55
123,1,60
123,1,65
123,0,69
125,0,71
128,1,72
130,1,63
134,1,54
136,0,47
135,1,43
134,2,42
133,1,42
133,2,43
133,2,44
132,2,43
129,2,42
128,2,41
125,2,40
122,3,39
121,3,39
121,3,38
121,3,38
123,2,38
123,2,39
125,2,39
126,2,40
127,2,39
128,2,39
128,2,39
128,2,39
128,2,38
127,2,38
128,2,38
128,2,39
128,2,40
127,2,42
127,2,42
128,2,42
126,2,41
126,2,40
125,2,39
124,3,38
124,3,37
125,3,37
126,3,37
127,2,37
128,2,40
128,2,41
128,2,43
128,1,45
128,1,51
127,1,66
127,1,79
126,1,83
128,1,82
134,1,71
135,1,59
138,1,50
138,0,45
135,0,40
133,1,37
131,0,33
131,0,31
132,2,29
133,3,29
134,2,30
134,2,32
135,2,33
135,3,34
135,3,34
135,2,36
134,1,39
133,1,46
133,1,52
132,1,59
128,1,65
127,0,69
128,1,72
129,1,75
133,1,76
135,1,77
136,1,78
137,1,77
137,1,77
137,1,77
137,1,78
138,1,79
138,1,79
136,1,73
135,1,69
135,1,65
134,1,61
133,1,54
132,0,45
131,0,40
131,0,36
132,0,32
132,0,30
133,0,29
133,0,27
133,0,26
133,0,25
133,0,26
132,0,28
131,0,30
130,0,31
128,0,32
128,0,32
128,0,33
128,0,33
129,0,34
130,0,34
131,0,37
133,0,38
133,1,40
133,1,41
133,1,41
133,1,42
133,1,43
133,1,43
133,1,44
133,1,44
133,0,45
132,0,45
132,0,46
131,0,47
132,0,47
132,0,47
132,0,47
132,0,47
133,0,47
134,1,47
134,1,47
135,1,41
135,1,36
136,0,33
137,0,31
138,0,30
139,0,29
140,0,28
141,0,27
141,0,26
141,0,25
140,0,25
139,0,25
139,0,24
138,0,24
137,0,25
136,0,28
135,0,33
135,0,36
133,0,39
130,1,41
130,1,44
130,1,45
132,1,47
132,1,47
133,1,48
133,1,49
134,1,49
133,1,44
133,1,39
134,1,35
135,1,32
136,1,31
136,0,29
136,0,28
137,0,29
137,0,29
137,1,29
137,1,28
136,1,27
135,1,26
135,1,26
135,2,25
135,2,25
135,2,25
134,2,27
134,1,34
135,1,46
134,0,55
131,0,61
128,1,65
128,1,69
130,1,71
134,1,72
136,1,73
136,1,73
135,1,73
135,1,70
133,1,60
134,1,50
135,0,45
134,0,43
132,1,42
131,1,41
129,1,39
128,2,37
127,2,34
126,2,33
126,3,32
127,3,31
128,3,30
128,3,30
128,3,29
129,3,29
130,3,29
130,3,28
131,3,28
131,3,27
131,3,27
131,3,27
131,3,28
132,3,27
132,3,27
131,3,27
131,3,27
131,3,27
130,3,27
130,3,27
130,3,27
130,3,27
130,3,27
130,3,26
130,3,26
130,3,26
130,3,26
130,3,26
130,3,26
130,3,27
130,3,27
131,3,26
131,3,26
131,2,26
131,2,26
131,2,26
131,2,26
131,2,29
131,1,34
132,0,36
131,0,40
129,0,41
127,1,42
126,0,43
127,0,44
128,1,46
129,1,47
130,1,49
131,1,50
131,1,50
131,0,51
131,0,52
130,0,54
131,0,54
132,0,50
133,1,42
136,1,38
137,0,35
137,0,32
137,0,30
137,0,29
137,0,28
137,0,29
137,0,31
138,0,32
136,1,35
135,1,36
134,1,38
133,1,39
132,1,41
132,1,42
132,1,44
133,1,45
132,1,46
132,1,47
131,0,49
131,0,50
131,0,50
131,1,49
132,1,43
134,1,38
136,1,34
136,0,32
137,0,31
138,0,30
139,0,29
139,0,28
139,0,27
139,0,26
138,0,26
138,0,25
137,0,25
137,0,25
135,0,24
135,0,24
134,0,25
133,0,28
132,0,31
131,0,33
129,0,34
128,1,32
128,0,29
129,0,28
130,1,28
133,1,29
136,1,29
137,1,28
137,1,27
137,1,27
136,1,26
135,1,26
135,1,26
133,1,25
133,2,25
133,2,25
132,2,25
131,2,25
131,2,25
130,2,25
130,2,25
129,2,25
129,2,25
129,2,25
129,2,25
130,2,25
130,2,25
130,2,26
130,2,26
130,2,26
130,2,26
130,2,26
130,3,26
131,3,27
131,3,27
131,3,27
131,3,27
131,3,28
131,3,28
131,2,29
131,2,34
131,1,41
131,1,58
129,0,76
126,1,88
123,1,90
127,1,82
129,1,71
131,1,60
130,1,52
128,0,47
127,0,45
125,0,44
124,0,41
122,1,39
121,2,36
121,2,33
122,2,32
123,2,30
124,2,29
125,3,29
127,3,28
128,3,27
129,3,27
130,3,26
131,3,26
131,3,26
131,3,25
131,3,25
131,3,25
131,3,25
130,3,25
129,3,25
128,3,26
128,2,30
128,2,34
128,1,40
128,1,57
126,1,75
123,1,87
122,1,90
126,1,89
128,1,83
129,1,72
131,1,61
130,1,52
129,1,45
128,0,43
127,0,41
125,0,37
124,0,34
123,0,31
125,0,29
126,0,28
128,0,27
128,0,26
130,0,25
131,0,24
131,0,24
130,1,23
128,1,23
128,1,23
128,1,23
126,1,23
125,1,23
124,1,23
124,1,23
123,1,23
123,3,24
123,3,23
123,3,24
123,2,24
123,2,24
123,2,24
124,2,24
124,2,24
125,2,25
125,2,28
125,2,32
126,1,35
125,1,37
125,0,38
124,0,39
123,0,40
123,0,40
123,0,41
124,0,41
125,0,42
126,0,41
126,0,42
126,0,42
127,1,43
127,1,44
127,1,44
127,1,45
126,1,46
126,1,46
126,1,46
126,1,46
126,1,46
125,0,46
125,0,46
125,0,45
126,0,45
127,0,44
127,0,44
128,0,44
128,0,44
129,0,39
130,0,35
131,0,32
132,1,31
133,1,30
135,1,30
136,1,29
136,0,30
136,0,35
136,0,40
134,0,44
131,1,47
128,1,49
128,1,51
129,1,52
130,1,51
132,1,47
134,1,42
135,0,38
133,0,36
132,0,35
132,0,33
133,0,32
134,0,30
134,0,29
134,0,28
134,0,27
135,1,27
135,1,26
134,1,26
134,1,26
133,1,25
133,1,25
132,1,24
131,1,24
131,1,27
131,0,32
131,0,39
130,0,45
128,1,42
125,1,36
127,0,34
128,1,32
130,1,33
134,1,33
136,1,32
137,1,30
137,1,29
135,2,28
135,2,27
134,2,27
134,2,26
134,2,26
133,2,26
133,2,26
133,3,26
132,3,26
132,3,26
132,3,26
132,3,26
132,3,26
132,3,26
132,3,26
131,3,26
131,3,26
131,3,27
131,2,31
131,1,35
131,1,39
131,1,43
128,1,45
127,1,47
126,1,49
125,0,51
126,0,53
126,0,53
126,0,51
128,0,45
128,1,41
130,1,39
131,1,37
132,1,36
132,2,34
132,2,32
132,2,31
132,2,30
133,3,29
133,3,29
133,3,28
134,3,28
134,1,31
134,1,34
134,1,38
132,1,46
131,0,66
128,1,80
125,1,83
127,1,78
130,1,68
132,1,59
134,1,50
131,0,45
128,0,43
127,0,42
127,0,39
126,0,36
126,0,33
126,1,31
127,1,29
128,1,28
128,2,27
129,2,26
130,2,25
131,2,25
131,2,24
131,2,24
131,2,24
130,2,24
130,2,24
129,2,24
129,2,24
129,2,24
128,2,24
128,2,24
128,2,24
128,2,24
128,3,24
128,3,24
128,3,25
128,3,25
128,3,25
129,3,26
129,3,26
130,3,26
130,3,26
130,3,26
130,3,26
130,3,27
131,3,27
131,3,27
131,3,27
131,3,27
131,3,27
131,3,27
131,3,28
130,2,28
130,3,28
130,3,29
130,3,29
130,3,29
130,3,30
130,3,30
130,3,30
130,3,30
130,3,31
130,3,31
129,3,31
129,3,31
128,3,31
128,3,31
128,3,31
128,3,31
128,3,31
128,3,31
128,3,31
128,3,31
128,3,31
127,3,31
127,3,31
127,3,32
127,3,32
127,2,33
127,2,34
127,2,35
128,2,35
128,2,35
127,2,37
127,2,39
127,1,43
127,1,45
126,1,48
123,1,52
120,0,55
118,1,56
120,1,58
124,1,59
128,1,62
129,1,62
129,1,54
129,1,46
128,1,41
127,0,37
126,0,34
127,1,33
128,2,31
128,2,31
128,2,33
129,2,34
130,2,35
130,3,36
130,3,35
129,3,34
129,3,33
128,3,33
128,3,32
128,3,32
128,3,32
128,3,32
128,3,32
128,3,32
128,3,32
128,3,32
128,3,32
128,3,32
128,3,32
128,3,33
128,2,34
128,2,34
128,2,35
128,2,36
128,2,36
127,2,37
127,2,37
126,2,38
125,2,38
124,2,38
124,2,38
123,2,38
122,2,39
122,2,39
121,2,39
121,2,39
120,2,39
120,2,39
120,2,41
120,1,44
120,1,48
120,1,53
119,1,56
118,1,59
118,0,62
119,0,63
122,0,64
124,0,65
126,1,65
128,1,66
129,1,67
130,1,67
130,1,67
130,1,67
130,1,68
130,1,68
130,1,69
130,0,70
130,0,70
130,0,70
130,0,70
132,1,69
132,1,69
132,1,69
132,1,69
132,1,70
132,1,70
132,1,65
131,1,53
131,1,45
130,1,40
129,1,35
128,1,33
128,0,30
128,0,28
128,0,27
128,0,26
129,0,25
129,0,24
129,0,23
130,0,23
129,0,22
129,0,22
128,0,22
128,0,22
128,0,22
128,0,22
127,0,22
126,0,22
126,0,23
126,0,25
126,0,27
126,0,30
126,0,33
124,0,34
124,1,36
125,1,38
127,1,40
128,1,42
129,1,44
129,1,45
128,1,45
127,1,45
127,1,45
126,1,43
126,1,38
127,1,35
129,0,32
129,0,30
131,0,30
133,0,29
134,0,27
135,0,26
135,0,25
135,0,25
135,0,24
134,0,24
133,0,24
133,0,24
132,0,24
131,0,24
130,0,24
129,0,24
128,0,24
128,1,24
127,0,24
127,1,24
127,1,24
127,1,24
127,1,24
127,1,24
127,1,24
126,1,24
127,1,24
126,1,24
126,1,25
127,1,25
127,1,25
127,1,25
127,1,25
127,1,25
127,1,25
127,1,25
127,2,25
127,2,25
127,2,25
127,2,25
128,2,25
128,2,24
128,2,24
128,2,24
127,2,24
127,2,26
127,2,29
127,1,32
127,1,36
127,0,39
126,0,41
124,0,43
123,0,44
123,0,45
124,0,43
127,0,39
128,0,36
129,1,34
131,1,33
132,1,32
133,1,31
133,1,29
132,2,28
132,2,28
132,2,27
132,2,27
132,2,26
132,2,26
131,2,26
131,2,26
130,2,26
130,2,26
130,2,26
130,2,26
130,2,26
130,2,26
130,3,26
131,3,26
131,3,27
131,3,27
131,3,27
131,3,27
131,3,28
131,2,28
131,2,28
131,2,29
131,2,29
131,2,29
130,2,29
130,2,29
130,2,29
130,2,29
130,3,28
130,3,28
130,3,28
129,3,28
129,3,28
129,3,28
129,3,28
128,3,28
129,3,28
128,3,28
128,3,28
128,3,28
128,3,28
128,3,29
128,3,29
128,3,29
128,3,29
128,3,29
128,3,29
128,3,29
128,3,29
128,3,29
128,3,29
128,3,30
128,3,30
128,3,30
128,3,30
127,3,30
127,3,30
127,3,30
127,3,30
127,3,30
127,3,30
127,3,30
127,3,30
127,3,30
126,3,31
127,3,31
127,3,32
127,3,32
127,3,32
127,3,33
127,3,33
127,3,33
126,3,33
126,3,33
126,3,33
125,3,33
125,3,33
125,3,33
125,3,33
125,2,34
125,2,37
126,1,44
126,1,58
125,0,74
121,1,80
120,1,73
126,1,62
128,1,52
128,0,46
126,0,41
125,0,37
124,0,34
123,1,31
124,2,30
125,3,29
125,3,29
126,3,29
126,3,31
126,3,33
127,2,34
127,2,35
127,3,34
126,3,33
125,3,34
124,2,36
124,2,38
124,2,40
124,2,43
124,1,45
122,1,49
121,0,56
121,1,70
123,1,84
124,1,89
127,1,89
128,1,82
131,1,74
134,1,69
134,1,66
131,1,63
130,1,61
129,1,60
128,1,59
128,1,61
128,1,65
129,1,68
130,1,69
131,1,69
129,1,70
129,1,71
130,1,71
130,1,71
130,1,71
129,1,69
130,1,65
128,1,53
130,1,45
129,1,39
128,1,35
128,1,34
128,1,32
126,1,30
124,1,28
124,1,26
123,1,25
124,0,23
124,0,23
125,0,22
125,0,22
125,0,22
124,0,22
124,0,22
123,0,22
122,0,22
121,0,22
121,0,22
121,0,22
121,0,23
122,0,23
122,0,23
123,0,23
123,0,23
123,0,23
123,0,24
124,0,24
124,1,24
124,1,24
124,1,24
124,1,24
124,1,25
124,1,25
123,1,25
123,1,25
123,1,25
123,1,25
123,1,25
124,1,25
124,1,25
124,1,25
124,1,25
125,2,25
125,2,25
125,2,25
125,2,25
126,2,25
126,2,25
126,2,25
127,2,25
127,2,27
127,1,30
126,1,33
126,1,37
125,0,40
124,0,44
123,0,51
123,0,68
124,1,75
125,1,77
129,1,72
130,1,62
132,1,53
131,1,47
128,0,41
126,0,40
126,0,38
127,0,36
127,0,33
127,1,31
128,1,29
128,1,28
128,1,27
128,1,27
129,1,26
128,2,26
128,2,25
128,2,25
128,2,24
127,2,24
128,2,28
128,1,36
128,1,54
127,0,64
122,1,70
120,1,74
123,1,78
128,1,70
131,1,60
132,1,50
128,0,45
127,1,43
126,1,43
126,1,42
126,1,40
125,2,37
125,2,35
124,3,33
124,3,32
124,3,32
125,3,31
125,3,31
126,3,31
127,3,31
128,3,31
128,3,30
128,3,30
128,3,30
128,3,30
128,3,30
128,3,31
127,3,31
127,3,32
127,3,33
127,2,34
127,2,35
126,2,36
126,2,37
126,2,38
125,2,39
125,2,40
124,2,40
123,2,41
123,2,41
122,2,41
121,2,42
121,2,42
120,2,40
119,2,37
119,3,36
120,3,35
121,3,35
123,3,34
126,3,33
127,2,32
128,3,32
128,2,31
128,2,30
129,2,30
130,3,29
130,3,29
130,3,28
130,3,28
130,3,28
130,3,28
130,3,27
130,3,27
130,3,28
129,3,27
129,3,27
129,3,27
129,2,26
129,2,26
129,2,26
130,2,25
130,2,25
131,2,25
132,2,25
132,2,25
133,2,29
133,1,32
133,1,36
132,1,38
130,0,40
129,0,42
128,0,44
128,0,46
127,0,44
127,0,40
128,1,37
128,2,35
130,2,34
131,1,34
133,1,34
134,0,36
135,0,39
134,0,41
131,0,43
128,0,46
128,0,48
127,0,50
126,0,50
127,0,51
128,0,52
128,0,54
130,1,51
131,0,45
132,0,39
132,1,37
132,2,35
133,2,34
135,2,32
135,1,31
135,2,29
135,2,28
135,2,27
135,2,26
135,2,26
135,2,25
135,2,25
135,2,25
134,2,25
133,2,25
133,2,24
133,2,24
133,2,26
133,1,32
133,1,35
133,1,39
132,0,45
130,0,49
129,0,53
128,0,56
128,0,52
129,0,45
130,1,41
132,1,38
133,1,36
134,1,36
134,2,33
134,2,32
134,2,30
133,2,29
133,2,28
134,2,27
134,2,27
134,2,26
135,2,26
135,2,26
135,2,26
135,2,26
135,3,26
135,3,26
134,3,26
134,3,27
134,3,27
133,3,27
133,3,27
132,3,27
132,3,27
131,3,27
131,3,27
131,3,27
131,3,27
131,3,27
131,3,27
131,3,27
131,3,28
131,3,28
131,3,28
131,3,28
131,3,28
131,3,28
131,3,28
131,3,28
131,3,28
131,3,28
131,3,28
131,3,28
130,3,28
130,3,29
130,3,29
130,3,29
130,3,30
130,2,32
130,2,33
130,2,35
130,2,36
129,2,38
128,2,40
128,2,41
126,2,41
125,2,42
124,2,42
123,2,43
122,2,45
122,1,47
122,1,57
122,1,69
122,0,76
122,1,78
124,1,80
127,1,82
128,1,80
130,1,67
129,1,57
131,1,48
129,0,44
128,1,43
127,1,43
126,0,42
125,0,42
123,1,41
121,1,41
120,1,41
119,1,41
120,2,41
120,1,42
120,1,42
121,1,43
121,1,44
122,1,45
123,1,46
124,1,47
125,1,48
125,1,52
125,0,74
125,1,87
123,1,90
126,1,90
128,1,89
128,1,78
131,1,69
132,1,57
131,1,48
128,1,43
127,1,39
126,1,36
126,1,33
126,0,30
126,0,28
128,0,26
128,0,25
129,0,24
130,0,23
130,0,22
130,0,22
129,0,22
128,0,22
128,0,24
127,0,26
126,0,28
125,0,32
124,0,34
124,1,37
123,1,38
124,1,40
127,1,41
129,1,42
130,1,43
130,1,44
129,1,45
128,1,46
128,1,46
128,1,47
128,1,48
127,0,49
128,1,49
128,1,50
129,1,50
130,1,50
130,1,50
130,1,50
129,1,51
129,1,49
129,1,46
129,1,41
129,1,36
130,0,33
132,1,31
133,0,29
135,0,28
137,0,27
137,0,26
137,0,25
137,0,25
137,0,24
136,0,23
135,0,23
134,0,23
133,0,23
133,0,23
132,0,23
132,0,26
131,0,30
131,0,33
129,1,39
128,1,45
128,1,51
129,1,58
129,1,63
130,1,66
131,1,68
131,1,69
131,1,70
131,1,64
131,1,53
131,1,45
130,1,38
129,1,35
130,1,33
129,1,31
129,1,29
128,1,27
128,1,26
128,1,24
129,1,23
131,1,22
131,0,22
131,1,22
129,0,22
129,0,22
128,0,22
127,0,22
126,0,22
126,0,22
125,0,22
125,0,22
125,0,23
125,0,23
125,0,23
126,0,23
126,0,23
127,0,24
127,0,24
128,0,24
128,0,24
127,0,24
127,0,24
127,1,24
126,1,24
126,1,25
126,1,25
126,1,24
126,1,24
126,1,24
126,1,24
126,1,24
126,1,24
126,1,24
126,1,24
126,1,24
126,1,26
126,1,29
126,0,33
126,0,37
125,0,40
123,0,46
123,1,49
123,1,53
125,1,55
128,1,58
128,1,60
129,1,61
129,1,63
128,1,64
128,1,65
128,1,66
128,1,66
130,1,66
130,1,66
131,1,66
130,1,66
130,1,66
129,1,60
129,1,50
128,1,43
128,1,38
128,1,34
128,1,32
128,1,30
128,1,28
129,0,27
130,0,26
131,0,24
132,0,23
131,0,23
131,0,22
131,0,22
130,0,22
129,0,22
128,0,22
128,0,22
127,0,24
127,0,28
127,0,31
126,1,33
126,1,35
126,1,37
127,1,41
128,1,47
128,1,67
128,1,83
125,1,82
127,1,81
130,1,72
132,1,62
132,1,51
128,1,43
128,1,38
129,1,35
129,1,32
129,1,29
128,1,27
128,1,25
128,1,24
128,1,23
128,1,23
128,1,22
127,1,22
125,1,22
124,1,22
123,1,22
122,1,21
121,1,21
121,0,21
121,0,22
121,0,22
121,0,22
122,0,22
122,0,23
123,0,23
123,1,24
123,1,24
123,2,24
123,2,25
123,3,25
123,3,27
124,3,27
124,3,28
124,2,29
124,2,30
125,2,30
126,2,30
126,2,31
126,3,31
127,3,30
127,3,30
128,3,31
128,3,31
128,3,32
127,2,35
128,2,38
127,1,41
127,1,44
127,1,45
125,2,46
123,2,46
119,2,45
117,2,44
116,2,43
115,2,43
114,2,43
115,2,43
116,2,42
117,2,42
117,2,42
118,2,42
119,2,42
119,2,41
119,2,41
119,2,42
119,2,44
119,2,47
119,2,51
119,1,52
119,1,53
118,1,54
118,1,59
118,1,63
119,0,64
121,0,65
123,0,65
125,0,66
127,1,66
128,1,66
130,1,66
131,1,65
131,1,62
128,1,59
128,1,57
128,1,55
128,1,53
128,1,52
127,1,50
127,1,49
127,1,48
127,1,48
127,1,47
127,1,47
127,1,47
128,1,47
127,1,47
127,1,47
128,0,48
128,0,49
128,1,49
129,1,50
129,1,50
128,1,48
128,1,48
128,1,47
128,1,47
128,1,46
128,1,46
128,1,46
128,1,47
128,1,47
128,1,47
127,1,47
128,1,47
128,1,47
128,1,46
128,1,46
129,1,45
128,1,45
128,1,47
128,1,51
128,1,55
128,0,63
128,0,74
128,0,79
128,0,80
128,0,80
128,0,70
129,0,61
132,0,53
132,0,45
131,1,40
130,1,36
131,0,33
131,0,31
132,0,29
133,0,28
133,0,29
133,0,32
133,1,35
132,1,37
130,1,34
130,1,30
132,0,28
135,0,28
137,0,28
139,0,30
140,0,33
139,1,38
135,1,44
133,1,51
131,1,59
131,1,65
131,1,69
132,1,71
132,1,71
133,1,73
133,1,74
134,1,75
134,1,73
132,1,64
131,1,52
131,1,44
131,1,37
131,1,34
132,1,31
132,1,29
131,1,27
130,1,25
129,1,24
129,0,23
129,0,23
128,0,23
128,1,24
127,1,24
127,2,24
126,2,25
125,2,25
125,2,25
124,3,25
125,3,25
125,3,25
125,3,26
126,3,27
126,3,28
126,3,28
126,3,29
127,3,29
127,3,30
127,2,30
127,2,30
128,2,30
128,2,30
128,2,30
129,2,30
129,2,30
130,3,29
130,3,29
131,3,28
131,3,28
131,3,28
131,3,28
131,3,27
131,3,27
130,3,27
130,3,27
130,3,27
129,3,27
129,3,27
128,3,27
129,3,28
128,3,28
128,3,28
128,3,28
128,3,28
128,3,29
128,2,29
128,3,30
128,3,30
128,3,31
128,3,32
129,2,33
129,2,34
128,2,35
128,2,36
128,2,37
128,2,38
127,2,39
127,2,40
126,2,40
125,2,41
124,2,41
123,2,41
122,2,40
121,2,40
120,2,39
120,2,39
120,2,39
120,2,39
120,2,39
120,2,39
121,2,39
121,2,39
121,2,39
121,2,40
121,2,43
122,1,53
122,1,64
122,1,71
121,0,73
121,1,64
122,1,55
127,0,48
127,1,43
127,2,41
127,2,42
128,2,43
128,2,44
128,2,43
126,2,42
124,2,41
122,2,41
121,2,42
121,2,43
121,2,44
121,1,45
121,1,46
121,1,49
120,1,50
119,2,52
118,2,53
117,1,57
117,1,59
118,1,61
120,1,63
123,1,60
125,1,52
127,1,47
128,2,43
129,2,42
129,2,43
130,2,43
130,2,43
130,2,42
128,2,41
125,2,40
124,2,39
122,2,38
121,3,38
122,2,38
122,2,38
123,2,38
125,2,38
126,2,39
127,2,39
128,2,39
128,2,39
128,2,39
128,2,39
128,2,40
127,2,41
127,2,42
127,2,41
126,2,40
126,2,39
125,2,38
124,3,38
124,3,37
124,3,37
125,3,36
126,3,36
127,3,35
128,3,35
128,2,36
128,1,40
128,1,51
128,1,68
126,1,78
123,1,82
126,1,85
128,1,84
129,1,83
131,1,72
133,1,62
133,1,50
131,1,42
131,1,37
131,1,33
131,1,35
131,1,38
129,1,40
128,0,43
127,0,45
127,0,47
126,0,47
127,0,48
128,0,48
128,0,48
129,0,48
129,0,49
129,0,49
129,0,48
130,0,42
131,1,39
133,2,36
134,1,35
136,2,34
137,2,32
137,2,30
136,1,31
135,1,34
135,0,39
133,0,45
130,0,52
128,0,57
127,1,60
128,1,62
130,1,63
132,1,66
133,1,64
132,0,54
130,1,47
131,0,42
132,0,38
134,0,36
135,0,35
136,1,32
136,1,31
136,1,29
135,1,28
135,1,27
135,1,26
134,1,25
133,1,25
133,2,24
133,2,24
132,2,24
131,2,24
131,2,24
130,2,24
130,2,24
129,2,24
129,2,24
129,2,24
128,2,25
128,2,25
128,2,25
128,2,25
129,2,25
129,2,25
129,2,25
130,2,26
130,2,27
131,2,27
131,2,28
130,2,28
129,2,28
128,2,28
128,2,29
128,2,29
128,2,31
127,2,34
127,1,38
127,1,42
127,1,46
126,0,50
126,0,52
126,0,54
126,0,55
126,0,56
127,0,57
128,0,59
128,1,61
129,1,62
129,0,58
129,0,50
129,0,45
128,1,41
128,1,38
130,2,35
131,2,33
132,2,32
133,2,31
134,2,29
135,2,29
135,2,28
135,2,28
135,3,27
135,3,27
135,2,28
135,2,31
134,2,34
133,2,38
132,1,42
131,1,48
129,1,54
128,1,59
128,0,64
128,0,68
129,1,69
130,1,71
132,1,73
133,1,74
133,1,64
132,1,54
131,0,47
130,1,43
129,1,42
128,1,42
128,2,42
129,2,40
128,2,38
128,2,36
128,2,36
128,2,38
128,2,41
128,2,43
127,2,44
126,2,40
124,2,38
121,3,36
121,3,36
122,2,36
123,2,36
125,2,36
126,2,36
127,3,35
128,2,36
127,2,36
127,2,36
127,2,36
127,2,35
127,3,35
127,3,35
127,3,35
126,3,35
126,3,35
125,3,35
126,3,34
125,3,34
126,3,34
126,3,34
126,3,34
127,3,34
127,3,34
127,3,34
127,3,34
127,3,34
127,3,34
127,3,34
127,2,35
127,2,34
127,2,34
127,3,34
127,3,34
126,3,34
127,3,33
127,3,33
126,3,33
126,3,33
126,3,33
126,3,33
127,3,33
127,3,33
128,3,33
128,3,33
128,3,33
127,2,34
127,2,36
127,1,40
127,1,53
127,1,70
124,1,83
122,1,89
124,1,90
128,1,78
129,1,68
131,1,57
132,1,48
131,1,43
128,0,42
127,0,40
126,0,36
126,0,33
126,0,29
127,0,28
128,0,26
129,0,25
130,0,25
132,0,24
132,0,24
132,0,23
131,0,23
128,0,23
128,0,24
126,0,28
125,0,32
123,0,37
122,0,39
120,1,42
120,1,45
123,1,48
125,1,50
128,1,52
128,1,54
128,1,56
129,1,54
128,1,46
130,1,40
130,1,36
129,0,33
129,0,32
130,0,31
132,0,30
133,0,28
135,0,27
135,0,26
134,0,25
134,0,25
134,0,25
132,0,24
132,0,24
131,0,31
130,0,41
129,1,53
127,1,62
127,1,68
128,1,72
131,1,64
132,1,52
131,1,45
131,1,40
131,1,38
130,1,37
129,0,34
129,0,31
129,0,29
129,0,28
130,0,26
131,0,25
131,0,24
132,0,24
132,0,23
132,0,23
131,0,23
130,0,23
129,0,23
128,0,23
128,0,23
127,0,23
126,1,24
125,1,24
125,1,24
125,1,24
124,1,24
124,1,24
124,1,24
124,1,24
124,1,24
124,1,24
124,1,24
125,1,24
125,1,25
125,1,25
125,2,25
125,2,25
125,2,25
126,2,25
126,2,25
126,2,25
127,2,25
127,2,26
128,2,26
128,2,26
128,2,26
128,3,26
128,3,27
128,3,27
128,3,27
129,3,27
129,3,28
129,2,29
129,3,28
129,3,28
128,3,28
128,3,28
128,3,28
128,3,28
128,3,28
128,3,28
128,2,31
128,2,34
128,2,37
128,2,40
128,1,42
127,1,44
125,1,45
124,1,47
123,1,49
123,1,51
124,1,54
124,1,59
126,0,63
127,0,65
128,1,66
128,1,67
128,1,68
129,1,68
130,1,68
129,1,69
129,0,62
128,0,51
128,0,46
128,0,41
129,1,39
129,1,38
130,1,36
130,1,33
128,2,31
128,2,29
128,2,28
128,2,27
129,2,26
129,2,26
130,2,25
130,2,25
130,2,25
129,2,24
129,2,24
129,2,24
129,2,25
129,2,27
128,1,30
128,2,35
128,1,38
128,1,41
126,0,43
125,0,45
125,0,47
125,0,49
125,0,50
126,0,51
126,0,53
127,0,54
128,0,56
128,1,58
128,0,59
128,0,58
127,0,51
127,0,43
127,0,39
128,1,36
130,1,34
131,1,33
132,0,34
133,0,36
132,0,39
130,0,41
128,0,42
128,0,43
128,0,44
128,0,45
128,0,47
129,0,47
130,0,49
130,0,50
130,0,52
130,0,53
129,0,53
129,0,53
129,0,54
129,0,54
130,0,54
131,0,54
131,0,54
131,1,54
131,1,53
131,1,50
131,1,43
132,1,38
133,1,35
133,0,32
134,0,30
135,0,29
136,0,28
137,0,30
138,1,32
138,1,35
136,1,37
134,1,38
133,1,39
134,1,40
133,1,41
133,1,42
132,1,43
131,1,44
130,1,45
129,1,46
128,1,47
128,1,47
128,1,48
129,1,48
130,1,48
131,1,45
131,1,39
133,1,35
135,1,31
134,1,30
134,1,28
134,1,28
133,1,28
134,0,26
136,0,25
137,0,24
137,0,23
136,0,23
135,0,23
135,0,23
133,0,22
132,0,22
131,0,23
131,0,23
130,0,23
130,0,23
130,0,23
130,0,23
129,0,24
129,1,24
129,1,24
128,1,24
128,1,25
128,2,25
128,2,25
128,2,25
128,2,25
128,2,25
128,2,25
128,2,25
129,2,25
129,2,26
129,1,32
129,1,38
130,1,45
129,0,50
127,0,54
125,0,56
125,1,58
126,1,60
128,1,62
129,1,63
130,0,65
128,0,66
128,0,66
128,0,66
128,0,68
129,1,68
130,1,68
131,1,68
132,1,68
132,1,68
132,1,68
132,1,69
132,1,68
131,1,61
130,1,51
129,1,44
129,1,39
130,1,35
131,1,32
132,1,30
134,1,29
135,1,35
136,1,43
134,1,52
129,1,62
129,1,67
130,1,70
132,1,71
132,1,71
133,1,67
133,1,55
135,1,45
133,1,39
133,1,35
135,1,32
138,1,29
138,1,27
138,1,26
138,1,25
138,0,24
137,0,24
136,0,24
135,1,24
135,1,25
134,2,25
133,2,26
133,2,26
132,2,26
131,3,26
131,3,26
131,3,26
131,3,26
131,3,26
131,3,26
131,3,26
132,3,27
131,3,27
131,3,27
131,3,27
131,3,27
131,3,27
131,3,27
131,3,27
131,3,28
131,3,28
131,3,28
131,2,28
131,2,28
130,2,28
130,2,29
130,2,29
130,3,29
130,3,30
130,3,31
130,3,32
131,3,32
131,3,32
131,3,32
130,3,32
130,3,33
130,2,33
129,2,34
129,2,35
129,2,35
129,2,36
128,2,37
128,2,38
128,2,39
128,2,41
128,2,41
127,2,41
126,2,41
125,2,41
124,2,40
123,2,40
122,2,41
122,2,41
122,2,42
122,2,42
123,2,42
122,2,42
122,2,42
123,2,42
122,2,41
122,2,41
122,2,41
122,2,41
122,2,40
122,2,39
122,2,39
122,2,38
122,2,38
123,2,38
124,2,38
125,2,39
125,2,39
126,2,39
126,2,39
126,2,39
126,2,40
125,2,42
125,2,43
125,2,44
124,2,45
124,1,46
123,1,47
122,1,49
122,1,50
121,1,51
120,1,52
119,2,53
119,2,54
119,2,55
120,2,55
121,1,56
123,1,56
125,1,56
126,1,56
127,1,56
128,1,56
129,1,56
130,1,55
130,1,55
131,1,56
131,1,56
131,1,56
130,1,57
130,1,57
130,1,57
131,1,57
131,1,57
130,1,56
131,0,50
131,1,46
131,1,42
132,2,40
132,2,40
133,2,41
134,2,41
134,1,41
134,1,42
133,1,42
132,1,44
131,1,45
130,1,47
128,2,49
127,1,50
126,1,51
125,1,52
125,1,54
126,1,55
128,1,56
130,1,57
131,1,58
132,0,58
132,0,59
132,0,59
131,0,59
131,0,59
131,0,59
132,0,59
132,0,59
133,0,59
134,0,59
135,0,60
136,0,60
136,0,60
136,1,60
136,1,60
136,1,60
135,1,57
136,1,48
136,0,43
136,1,40
136,1,39
137,2,39
138,2,39
139,2,38
140,2,36
140,2,34
140,2,33
139,2,32
139,2,31
139,2,32
139,1,34
139,1,37
139,1,40
138,1,45
137,1,53
135,0,59
134,0,63
133,1,64
132,1,66
132,1,67
133,0,69
134,0,68
133,0,60
132,0,51
131,0,45
131,1,41
132,1,39
133,1,38
135,1,36
137,1,34
138,2,33
138,2,31
139,3,30
140,3,29
140,3,28
140,3,27
141,3,27
141,3,26
141,3,26
141,3,25
140,3,25
139,3,25
137,3,25
136,3,25
136,3,25
136,3,25
135,3,25
135,3,26
135,3,26
135,3,26
134,3,26
134,3,26
134,3,26
134,3,26
134,3,26
133,3,26
133,3,27
133,2,27
133,2,27
134,2,28
133,2,28
133,3,28
133,3,29
133,3,29
133,2,31
133,2,33
132,2,34
133,2,35
133,2,35
132,2,35
132,2,35
131,2,36
130,2,37
130,2,37
129,2,37
129,2,37
129,2,36
128,2,35
128,2,35
128,2,36
128,2,36
128,2,39
128,2,43
129,1,49
129,1,60
128,1,70
127,0,77
124,1,78
125,1,80
128,1,81
129,1,80
131,1,73
129,1,63
131,1,56
132,1,49
132,0,43
130,1,40
129,2,40
129,2,42
130,1,43
131,2,42
131,2,40
130,2,38
129,2,37
128,2,35
128,3,34
128,3,33
129,3,33
130,3,32
131,3,31
132,3,31
133,3,31
133,3,30
134,3,30
134,3,30
135,3,30
135,3,30
135,3,30
135,3,30
134,3,30
134,3,31
133,3,31
133,3,32
132,3,32
132,3,33
132,2,33
131,2,35
131,2,36
131,2,37
131,2,38
131,2,38
131,2,39
130,2,38
129,2,38
129,2,38
128,2,38
127,2,38
127,2,38
126,2,38
127,2,38
127,2,38
127,2,38
127,2,38
128,2,41
128,1,51
128,1,70
128,1,83
123,1,88
122,1,90
124,1,90
127,1,87
128,1,86
130,1,85
131,1,84
131,1,78
131,1,77
132,1,76
132,1,76
133,1,76
133,1,71
131,1,69
131,1,62
130,1,52
131,0,46
130,1,44
130,1,44
130,2,44
130,2,43
129,2,40
129,2,38
128,2,36
128,2,34
128,2,33
128,2,32
130,2,31
131,2,30
132,2,30
133,2,29
133,2,29
134,2,29
134,3,28
134,3,28
134,3,28
133,3,28
132,2,28
132,2,31
132,2,36
132,2,40
131,2,43
129,1,46
128,1,50
127,1,55
126,1,58
126,0,60
126,0,61
127,0,59
128,0,51
128,0,45
130,1,41
130,2,39
131,2,40
132,2,40
133,2,39
134,2,38
134,2,36
133,2,34
133,2,33
132,2,32
132,2,32
133,2,31
134,2,31
134,2,30
135,2,30
135,2,31
136,2,33
135,2,37
135,2,39
135,2,42
133,2,45
132,1,47
130,1,50
128,1,51
128,1,52
128,1,53
128,1,55
129,1,59
130,0,63
131,0,66
131,1,69
131,1,76
133,1,88
131,1,92
130,1,90
131,1,89
132,1,83
133,1,71
135,1,62
132,1,54
131,1,48
130,0,44
130,0,44
129,1,44
129,1,43
130,1,41
130,1,38
130,2,36
131,2,34
133,2,33
133,2,32
134,2,32
136,2,31
137,2,30
137,2,31
138,3,30
139,3,30
139,3,31
139,3,31
139,3,31
138,2,32
137,2,32
135,2,33
135,2,33
134,2,33
134,2,34
133,2,34
132,2,34
132,2,34
131,2,35
131,2,36
131,2,38
130,2,39
131,2,41
131,2,41
130,2,42
129,2,43
128,1,43
128,1,44
127,1,44
126,1,45
126,1,45
124,1,46
123,2,47
122,2,47
122,2,47
121,2,48
121,2,48
121,1,48
122,1,48
122,1,48
123,1,48
124,1,48
126,1,46
128,2,42
128,2,39
129,2,37
130,2,37
132,2,37
133,2,36
134,2,35
135,2,34
135,2,32
135,2,31
135,2,31
135,2,30
135,2,30
136,2,29
136,2,29
137,2,29
137,2,28
137,2,28
137,2,28
137,2,28
137,2,28
136,2,28
136,2,28
136,2,28
135,2,28
135,2,28
135,2,29
135,2,29
135,2,29
135,2,29
135,2,29
134,2,30
134,2,33
134,1,36
134,1,39
134,1,41
133,2,45
131,2,47
128,2,48
127,1,43
125,1,40
126,2,36
127,2,35
128,2,36
128,2,37
130,2,36
133,2,35
133,2,34
134,2,33
134,2,33
134,2,33
134,2,32
134,3,31
134,2,31
134,2,31
134,3,31
134,3,31
134,3,31
134,3,30
134,3,30
134,3,30
134,3,30
134,3,30
134,3,30
134,3,30
134,3,30
133,2,32
134,2,33
134,2,32
134,2,31
133,2,31
132,3,31
131,3,31
131,3,31
131,3,32
131,3,32
131,3,31
131,3,31
131,3,31
131,3,31
131,2,32
131,2,35
131,1,39
131,1,41
131,1,43
130,1,45
129,1,47
127,2,44
124,2,40
122,2,37
121,3,36
122,2,36
123,2,37
125,2,37
127,2,37
128,2,36
130,2,35
129,2,35
130,3,34
130,3,34
130,3,34
131,3,34
131,3,33
131,3,33
131,3,33
131,3,33
131,3,33
131,2,33
131,2,33
130,2,34
130,2,34
131,2,34
130,2,34
130,2,35
130,2,35
129,2,35
130,2,35
129,2,36
129,2,36
129,2,36
130,2,36
130,2,37
129,2,40
129,2,43
129,1,53
129,1,73
128,0,88
124,1,93
123,1,95
127,1,86
128,1,77
131,1,72
132,1,62
132,1,54
130,1,47
129,1,45
128,1,45
128,1,46
128,1,46
128,1,45
128,2,43
127,2,41
126,2,39
126,2,37
127,2,38
127,2,40
127,2,43
128,1,46
128,1,52
128,1,59
127,1,67
126,0,72
127,1,75
128,1,79
131,1,81
133,1,81
134,1,80
133,1,79
134,1,76
132,1,70
132,1,64
132,1,56
133,1,49
133,0,43
131,0,41
131,1,40
131,1,40
133,1,40
134,1,37
134,2,35
133,2,32
134,3,31
134,3,29
135,3,28
136,3,28
137,3,27
138,3,26
138,3,26
138,3,26
138,3,25
137,3,25
136,3,25
135,3,25
135,3,25
134,3,25
133,3,26
133,3,26
132,2,28
132,2,30
132,2,35
132,1,48
131,0,59
129,0,66
126,1,70
126,1,73
128,1,75
130,1,75
132,1,66
131,1,55
129,0,48
128,0,44
129,1,41
130,1,40
131,1,39
133,1,37
134,1,34
135,2,33
135,2,31
135,2,30
135,3,28
135,3,28
135,3,28
136,3,27
136,3,27
137,3,26
137,3,26
136,3,25
136,3,25
135,3,25
135,3,25
135,3,25
135,3,25
134,3,26
134,3,26
133,3,26
133,3,26
133,3,26
132,3,26
132,3,26
132,3,26
132,3,26
132,3,26
132,3,26
132,3,26
132,3,26
132,3,27
132,3,27
132,3,27
132,3,27
132,3,27
132,2,27
132,2,27
132,2,27
133,2,27
133,2,28
133,3,29
133,3,29
133,3,30
133,3,30
133,3,31
133,3,31
133,3,32
132,3,32
132,2,33
132,2,33
132,2,33
132,2,34
132,2,34
131,2,34
132,2,36
131,2,38
131,2,39
131,1,40
131,1,40
131,1,41
130,1,42
129,1,43
128,1,43
127,1,44
125,2,44
124,2,44
123,2,45
122,2,45
121,2,45
121,2,46
121,2,47
121,2,47
121,2,47
122,2,48
123,2,48
124,2,48
125,1,48
126,1,48
127,1,49
127,1,49
128,1,48
128,1,48
129,1,49
130,1,49
131,1,49
131,1,46
132,1,42
132,2,38
133,2,37
134,2,37
133,1,41
133,1,62
134,0,80
128,1,93
123,1,94
126,1,81
129,1,75
131,1,70
132,1,62
133,1,54
132,0,48
130,0,44
129,1,43
129,1,43
130,1,43
132,2,42
132,2,38
131,2,36
132,2,34
132,2,33
132,2,32
133,2,32
134,2,31
136,2,31
136,2,30
137,2,30
138,2,29
138,3,29
138,3,28
138,3,28
138,3,27
138,3,27
137,3,27
137,3,27
137,3,27
137,3,27
136,2,27
136,2,27
136,2,28
136,3,28
136,3,28
136,3,29
136,3,29
135,3,30
135,3,30
135,2,31
135,2,32
134,2,33
134,2,34
134,2,34
134,2,35
133,2,35
132,2,36
132,2,36
131,2,36
131,2,37
131,2,37
130,2,37
130,2,37
129,2,37
128,2,37
128,2,37
128,2,37
128,2,37
128,2,38
128,2,38
128,2,38
128,2,38
128,2,38
128,2,38
128,2,38
128,2,37
128,2,37
128,2,37
128,2,38
128,2,38
128,2,38
128,2,38
128,2,39
128,2,39
128,2,40
128,2,41
128,2,41
128,2,41
128,2,41
128,2,40
127,2,39
126,2,39
126,2,39
125,2,39
125,2,39
125,2,39
126,2,39
126,2,39
126,2,40
126,1,45
126,1,50
126,1,53
126,1,55
125,1,57
124,1,60
123,1,63
123,1,63
124,0,63
126,0,63
127,0,62
128,0,60
128,0,58
128,0,57
128,0,56
129,0,56
128,1,56
128,1,56
128,1,56
129,1,55
128,1,55
129,1,55
130,1,55
130,1,55
130,1,55
131,1,55
131,1,55
131,1,55
131,1,55
131,1,55
131,1,55
131,1,55
131,0,55
131,1,55
131,0,55
131,0,55
131,0,55
131,0,54
130,0,54
131,0,54
131,0,54
131,0,54
132,0,54
132,0,54
132,0,54
132,0,54
132,0,53
132,0,53
132,0,58
132,0,74
133,1,86
128,1,83
129,1,73
132,1,68
133,1,64
134,0,62
133,1,57
132,1,52
131,1,49
132,1,44
131,1,41
131,1,37
132,1,34
134,2,33
135,2,31
138,3,30
140,3,29
141,3,28
141,3,27
142,3,27
143,3,26
142,2,27
142,1,29
141,1,32
141,1,35
139,1,36
137,1,38
136,1,40
135,1,41
135,1,41
135,1,42
135,1,39
134,1,35
133,2,34
134,2,32
135,2,31
136,2,30
137,2,30
139,2,30
140,2,29
141,2,28
141,3,28
141,3,27
141,3,27
140,3,26
139,3,26
138,3,26
138,3,26
137,3,26
137,3,26
136,3,26
136,3,26
135,3,26
135,3,26
134,3,26
134,3,27
134,3,27
134,3,27
134,3,27
133,3,27
133,3,27
133,2,27
133,2,27
133,2,28
133,2,28
133,2,28
134,3,28
134,3,29
133,3,30
134,3,30
134,3,31
134,3,32
134,3,32
134,3,32
133,3,32
133,3,32
133,3,32
132,3,32
132,3,32
132,3,32
132,3,32
131,3,33
132,3,33
131,3,32
131,3,32
131,3,32
131,3,32
131,3,32
131,3,33
132,3,32
132,3,32
132,3,32
132,3,32
132,3,32
132,3,33
132,3,33
132,3,33
132,3,33
132,3,33
131,3,33
131,3,33
131,3,33
130,3,33
130,3,33
130,3,33
130,3,33
130,3,33
130,3,33
129,3,33
129,3,33
129,3,33
129,3,33
129,3,33
130,3,33
129,3,33
130,2,33
131,2,33
131,2,33
131,2,33
131,3,33
131,2,33
131,2,33
131,2,35
131,2,36
131,2,38
131,2,40
131,2,42
131,1,44
131,1,46
129,1,46
128,1,47
125,2,48
123,2,50
122,1,51
122,1,52
123,1,52
124,1,51
125,1,47
128,2,43
129,2,41
131,2,39
131,2,40
132,2,41
133,2,40
134,2,39
133,2,38
131,2,37
130,2,36
129,2,36
129,2,36
129,2,35
130,2,35
131,2,35
131,2,35
132,2,35
132,2,36
133,2,36
133,2,36
133,2,36
133,2,37
134,2,37
133,2,37
133,2,37
132,2,37
131,2,37
130,2,37
130,2,37
130,2,37
129,2,37
129,2,37
129,2,37
128,2,37
128,2,37
129,2,37
128,2,37
129,2,37
128,2,37
128,2,37
129,2,37
129,2,37
130,2,37
130,2,37
129,2,37
130,2,37
129,2,37
130,2,37
130,2,37
130,2,39
130,2,41
130,2,44
130,1,52
129,1,60
128,1,67
128,0,72
127,1,75
128,1,77
129,1,79
132,1,71
132,1,61
132,1,52
130,1,45
130,1,41
130,2,41
130,1,42
131,1,43
132,2,44
132,2,43
132,2,41
131,1,41
130,1,43
129,2,44
129,1,46
128,2,46
128,2,42
126,2,38
125,2,36
125,3,36
127,2,36
128,2,37
130,2,37
133,2,37
134,2,36
134,2,36
134,2,35
134,2,35
133,2,34
133,2,34
133,2,34
133,2,34
133,2,33
133,2,33
133,2,33
133,2,33
133,2,33
133,2,34
134,2,34
133,2,34
134,2,34
134,2,34
134,2,35
134,2,35
134,2,35
133,2,35
133,2,35
133,2,35
133,2,35
133,2,35
132,2,35
132,2,35
132,2,35
131,2,36
131,2,36
131,2,36
131,2,36
131,2,36
131,2,35
131,2,35
131,2,35
131,2,36
131,2,36
132,2,37
132,2,38
132,2,38
132,2,38
131,2,40
131,2,41
131,1,42
131,1,43
130,1,44
129,1,45
128,1,47
128,1,49
127,1,54
125,1,57
124,1,60
124,1,62
124,0,63
127,0,63
128,0,64
128,0,64
128,0,64
129,0,56
130,0,49
132,1,44
132,2,42
132,1,42
134,2,43
134,2,43
135,2,43
135,2,41
133,2,39
132,1,41
131,1,45
131,1,53
131,1,60
129,0,68
128,0,73
127,1,74
128,1,77
130,1,79
132,1,80
133,1,80
134,1,80
133,1,79
133,1,78
133,1,78
134,1,72
132,1,61
133,1,53
134,1,48
132,1,44
131,1,44
130,1,44
130,1,45
130,1,45
129,1,44
128,2,42
127,2,40
124,2,39
123,3,37
123,3,36
122,3,35
123,3,35
123,3,35
124,3,35
125,3,35
126,3,34
126,3,34
127,3,34
127,3,33
127,3,34
127,3,34
127,2,35
126,2,35
126,2,35
126,2,35
126,2,35
125,2,35
124,2,36
124,2,36
123,2,36
123,2,37
123,2,37
123,2,38
122,2,38
122,2,38
122,2,38
121,2,38
121,2,38
121,2,37
121,2,37
121,2,37
121,2,37
121,2,37
121,2,37
121,2,37
121,2,37
121,2,37
121,2,37
121,2,38
121,2,38
121,2,38
121,2,38
121,2,38
120,2,38
126,2,37
125,2,37
125,2,37
125,2,37
125,2,38
126,2,38
125,2,38
125,2,39
126,2,39
125,2,38
125,2,38
125,2,37
124,2,38
125,2,40
125,2,44
125,1,51
125,1,68
124,0,78
122,1,85
122,1,86
126,1,86
128,1,84
128,1,82
128,1,82
129,1,80
128,1,78
129,1,77
129,1,73
128,1,66
127,1,58
128,1,53
128,0,48
124,1,46
122,1,45
122,1,45
122,2,45
121,2,42
121,2,40
120,2,37
120,3,36
121,3,34
121,3,32
122,3,32
122,3,31
123,3,30
124,3,29
124,3,29
124,3,29
124,3,28
124,3,28
124,3,28
123,3,28
123,3,27
122,3,27
122,3,27
122,3,27
122,3,27
122,3,28
122,3,28
121,3,29
121,3,29
122,3,29
122,3,29
122,3,29
122,3,29
123,3,29
124,3,29
124,3,29
125,3,29
125,2,29
126,3,29
126,3,29
125,3,29
126,2,29
126,3,29
125,2,29
125,2,29
126,3,29
126,3,29
126,3,30
125,3,30
125,3,30
125,3,30
125,3,30
125,3,30
124,3,30
124,3,30
124,3,31
124,3,31
124,3,31
124,3,31
125,3,31
125,3,32
124,3,32
124,3,32
124,3,32
124,3,32
124,3,32
124,3,32
124,3,32
124,3,32
124,3,32
124,3,32
124,3,33
124,3,33
125,3,33
125,3,33
125,3,33
127,3,33
127,3,34
126,3,34
126,3,34
126,3,35
126,2,36
126,2,36
126,2,36
126,2,36
126,2,37
125,2,37
125,2,37
124,3,36
124,2,36
124,2,37
124,2,37
124,2,37
124,2,38
124,2,38
124,2,38
124,2,38
123,2,38
123,2,38
123,2,38
122,2,38
122,2,38
121,2,37
122,2,38
122,2,41
122,1,45
123,1,55
123,1,66
122,1,72
121,1,75
121,1,77
124,1,79
128,1,80
131,1,73
130,1,63
130,1,58
130,1,53
129,0,46
128,1,42
127,1,42
127,2,42
128,2,43
128,1,43
127,2,42
127,2,40
125,3,39
123,3,37
123,3,36
122,3,35
123,3,34
123,3,34
124,3,34
125,3,34
126,3,33
126,3,33
127,3,32
127,3,32
127,3,32
127,3,31
127,3,31
127,3,32
128,3,32
128,3,32
128,3,32
128,3,32
128,3,32
128,3,32
127,3,32
127,3,32
127,3,32
127,3,32
127,3,32
127,3,32
127,3,32
128,3,32
128,3,32
128,3,32
128,3,32
128,3,32
128,3,32
128,3,33
128,3,33
128,3,33
128,3,33
128,3,33
128,3,33
128,3,33
128,3,33
128,3,33
128,3,33
128,3,33
128,3,33
128,3,33
128,3,33
128,3,33
128,3,33
128,3,33
128,3,33
128,3,33
128,3,34
128,2,35
128,2,37
128,2,39
128,2,40
128,2,41
128,1,42
128,1,43
127,1,45
127,1,47
125,1,49
124,2,51
122,1,48
120,1,44
121,2,40
121,2,38
123,2,38
125,2,39
128,2,40
129,2,40
130,2,39
129,2,38
128,2,40
127,1,42
126,1,50
126,1,67
125,0,77
124,1,81
123,1,83
127,1,84
129,1,83
129,1,81
129,1,73
128,1,66
131,1,60
132,1,54
133,1,47
130,0,42
128,1,42
128,1,41
128,1,41
129,2,41
128,2,39
128,2,36
128,2,34
128,3,32
128,3,31
128,3,30
129,3,29
129,3,29
129,3,28
129,3,28
130,3,27
130,3,27
130,3,27
130,3,27
130,3,27
129,3,27
129,3,27
129,3,27
129,3,28
129,3,28
129,3,28
129,3,28
129,3,28
129,3,28
129,3,28
129,3,28
129,3,28
129,3,28
130,3,28
130,3,28
130,3,28
130,3,29
130,3,29
130,3,29
130,3,30
131,2,30
131,2,30
131,2,30
131,3,30
131,2,30
131,3,30
130,3,30
130,3,30
130,3,30
130,3,30
130,3,30
130,2,31
130,2,33
130,2,36
130,2,37
130,2,39
130,2,40
128,2,41
128,2,43
128,2,43
127,2,44
125,2,45
124,2,45
124,2,45
123,1,46
123,1,46
124,1,46
125,1,46
125,1,46
126,1,46
127,1,46
128,1,46
128,1,46
128,1,46
128,1,46
128,1,46
129,1,46
129,1,45
129,1,45
130,1,45
130,1,45
130,1,45
130,1,45
130,1,45
130,1,45
130,1,45
130,1,45
131,1,45
130,1,45
130,1,45
130,1,45
131,1,45
131,1,43
131,1,40
131,2,37
132,2,35
132,2,35
133,2,35
135,2,34
136,2,33
136,2,32
135,2,31
135,2,30
134,2,30
134,2,29
134,2,29
134,2,29
134,3,29
134,3,28
134,3,28
134,3,28
133,3,28
133,3,28
133,3,28
132,3,28
132,3,28
132,3,29
132,3,29
132,3,29
132,3,29
132,3,30
132,3,30
132,3,31
132,3,31
132,3,31
131,3,32
131,3,32
131,3,32
130,3,33
130,3,33
130,2,34
130,2,34
130,2,35
130,2,35
130,2,35
130,2,35
129,2,35
129,2,35
129,2,36
129,2,37
129,2,38
129,2,37
129,2,37
129,2,37
129,2,37
128,2,38
128,2,39
128,2,40
128,2,40
128,2,40
127,2,39
127,2,39
126,2,39
125,2,40
125,2,40
124,2,40
124,2,39
124,2,39
124,2,39
124,2,38
124,2,38
124,2,38
124,2,38
124,2,38
124,2,38
124,2,37
125,2,37
125,2,37
125,2,37
125,2,37
125,2,37
125,2,37
125,2,37
125,2,37
126,2,37
125,2,38
126,2,40
126,2,41
125,2,42
125,2,42
124,2,41
123,2,41
123,2,41
123,2,41
123,2,41
123,2,42
123,1,43
123,2,43
123,2,43
122,1,43
122,2,44
121,1,46
121,1,48
120,1,52
120,1,57
119,1,64
119,1,73
120,0,78
123,1,79
124,1,81
128,1,82
129,1,81
129,1,80
130,1,79
131,1,74
129,1,66
130,1,57
132,1,51
131,0,47
128,1,44
128,1,43
127,1,43
127,2,43
127,2,42
126,2,39
126,2,37
126,2,35
126,3,33
126,3,32
127,3,31
127,3,31
128,3,30
128,3,29
129,2,30
129,2,31
129,2,31
129,2,32
129,2,33
128,2,34
127,2,35
126,2,35
124,2,36
124,2,36
124,2,36
124,1,36
124,2,36
125,2,37
125,1,38
125,1,38
126,1,39
126,1,39
127,1,39
127,1,39
128,1,39
128,1,39
128,1,40
128,1,39
129,1,39
129,1,39
129,1,39
130,1,39
130,1,39
130,1,39
130,1,39
130,1,39
130,1,39
130,1,39
130,1,39
130,1,39
130,1,39
130,1,39
130,1,39
130,1,39
129,1,39
129,1,39
129,1,39
129,1,39
129,1,39
129,1,39
129,1,39
129,1,39
129,1,39
129,1,39
130,1,39
130,1,36
129,2,34
129,2,32
129,2,31
130,2,30
131,2,30
132,3,29
133,3,29
133,3,28
133,3,27
133,3,27
132,3,27
131,3,26
131,3,26
130,3,26
130,3,26
129,3,27
129,3,27
129,3,27
128,3,27
128,3,27
128,3,27
128,3,27
128,3,27
128,3,27
128,3,27
128,3,28
128,3,28
128,3,28
128,3,28
129,3,28
129,3,28
130,3,29
130,3,30
130,3,31
131,2,33
130,2,33
130,2,34
130,2,34
130,2,35
129,2,35
128,2,37
128,2,38
128,2,39
128,2,40
128,2,39
127,2,39
126,2,39
126,2,38
125,2,38
124,2,38
124,2,38
124,2,38
124,2,38
123,2,38
123,2,38
123,2,39
124,2,42
124,1,47
125,1,52
124,1,56
123,1,61
121,1,64
120,0,69
121,0,70
122,1,71
125,1,72
127,1,72
128,1,73
129,1,73
129,1,73
128,1,70
128,1,64
128,1,54
128,0,47
128,1,43
128,1,41
128,2,42
128,2,43
128,2,43
128,2,42
127,2,40
125,3,38
123,3,36
122,3,35
121,3,34
122,3,33
122,3,33
123,3,32
124,3,32
125,3,31
125,3,31
126,3,31
126,3,31
127,3,31
127,3,31
127,3,32
126,3,32
127,3,33
127,3,33
127,3,33
127,2,35
126,2,35
126,2,36
126,2,37
126,2,37
126,2,38
125,2,38
125,2,38
125,2,38
124,2,38
125,2,37
124,2,40
125,1,48
125,1,54
124,1,58
122,1,61
120,1,64
119,0,67
120,0,68
122,1,70
125,1,70
126,1,71
128,1,71
128,1,72
129,1,72
128,1,72
128,1,66
128,1,55
129,1,47
128,0,42
128,1,41
129,2,41
129,2,42
129,1,43
129,2,42
128,2,41
127,2,39
125,3,38
123,3,36
122,3,35
122,3,34
122,3,34
123,3,34
124,3,33
125,3,33
126,3,32
127,3,32
127,2,34
127,2,36
128,2,38
127,2,40
127,1,43
127,1,45
126,1,47
124,2,49
122,1,51
120,1,52
120,1,54
120,1,52
121,1,47
125,1,42
128,2,39
129,2,38
129,2,39
130,2,40
132,2,39
132,2,38
131,3,36
129,3,35
128,3,35
128,3,34
128,3,34
128,3,34
127,3,33
128,3,33
128,3,33
128,3,33
128,3,33
128,3,32
128,3,32
128,3,32
128,3,32
128,3,33
128,3,33
128,3,33
128,3,33
128,3,33
128,3,33
128,3,33
128,3,33
128,2,34
128,2,36
128,2,38
129,2,40
128,1,42
128,1,44
128,1,48
127,1,54
125,1,61
123,0,69
123,0,73
123,1,74
125,1,76
127,1,78
129,1,69
129,1,58
128,1,49
127,0,44
127,1,41
127,2,41
128,2,42
128,2,42
128,2,41
127,2,39
126,2,37
125,2,35
125,2,34
125,2,33
126,2,33
126,2,35
127,2,37
127,2,38
128,2,41
127,1,44
126,2,46
125,1,48
124,1,51
123,1,58
123,0,76
123,0,86
122,1,90
123,1,90
127,1,80
128,1,71
129,1,61
129,1,52
128,0,45
127,1,43
127,1,43
127,2,44
127,1,44
127,2,43
126,2,42
125,2,40
123,2,38
122,3,37
121,3,35
121,3,35
122,3,34
123,3,34
124,3,33
125,3,33
126,3,33
126,3,34
127,3,34
127,3,34
127,3,34
127,3,34
127,3,34
126,2,35
126,3,35
125,3,35
125,2,36
125,2,37
124,2,40
124,2,41
124,2,42
124,2,43
124,1,44
123,1,45
123,1,47
122,1,48
121,2,49
120,2,51
119,1,52
118,1,53
119,1,54
120,1,54
121,1,54
123,1,54
125,1,54
126,1,55
127,1,54
127,1,54
127,0,54
127,0,54
127,0,55
126,0,54
126,0,54
126,0,54
126,0,55
127,0,55
127,0,54
128,0,47
128,0,42
130,1,39
131,1,37
132,1,36
133,2,36
134,2,34
135,2,33
136,2,31
136,3,30
136,3,29
135,3,29
136,3,28
135,2,28
135,1,30
134,1,32
134,1,34
133,1,36
132,1,38
130,1,42
130,1,46
130,1,51
130,0,56
130,0,60
129,0,62
128,0,63
128,0,65
129,1,68
129,1,70
130,1,71
130,1,65
128,0,56
128,0,48
128,1,44
128,1,40
130,1,37
131,2,36
132,2,34
132,2,32
133,2,30
133,2,29
134,3,28
134,3,27
134,3,26
134,3,26
134,3,25
133,3,25
133,3,25
132,3,25
131,3,25
130,3,25
130,3,25
130,3,25
129,3,26
129,3,26
128,3,26
128,3,26
128,3,26
128,3,26
128,3,27
128,3,27
128,3,27
128,3,27
128,3,27
129,3,28
129,3,28
129,3,29
129,3,30
129,3,31
129,3,32
129,3,32
130,3,33
129,3,33
129,2,34
129,2,36
128,2,38
128,2,40
128,2,41
128,2,41
128,2,41
127,2,40
126,2,40
125,2,40
124,2,40
123,2,40
123,2,40
124,2,42
125,1,47
125,1,58
125,1,67
124,1,73
123,1,74
122,1,76
123,1,79
126,1,80
128,1,78
128,1,67
128,1,57
128,1,49
127,0,44
126,1,43
126,2,43
126,1,45
127,2,45
127,2,45
125,2,43
122,2,42
121,2,41
120,2,42
120,2,44
120,1,46
121,1,48
120,2,48
119,2,47
118,2,47
117,2,47
117,2,47
118,2,48
118,2,51
119,1,56
119,1,69
121,0,80
122,1,82
122,1,82
126,1,82
128,1,81
128,1,72
128,1,61
129,1,53
129,1,45
129,0,42
128,1,41
128,1,42
128,2,42
128,2,42
128,2,40
127,2,38
126,2,36
125,2,34
125,3,33
126,3,32
126,3,31
127,3,30
128,3,29
128,3,29
128,3,28
128,3,28
128,3,28
128,3,28
128,3,27
128,3,27
128,3,28
128,3,28
128,3,28
127,3,28
127,3,28
127,3,29
128,3,29
128,3,29
128,3,29
128,3,29
128,3,29
128,3,29
128,3,29
128,3,29
128,3,29
128,3,29
128,3,29
128,3,30
128,3,30
128,3,30
128,3,30
128,3,30
128,3,30
128,3,30
128,3,30
128,3,30
128,3,30
128,3,30
128,3,30
128,3,30
128,3,30
127,3,30
127,3,30
127,3,30
127,3,30
127,3,30
127,3,31
127,3,31
127,3,31
128,3,31
128,3,31
128,3,31
128,3,31
128,3,31
128,3,32
128,3,32
128,3,32
128,3,32
128,3,32
128,3,32
128,3,32
128,3,32
128,3,32
128,3,32
128,3,32
128,3,32
128,3,32
128,3,32
128,3,32
128,3,32
128,3,32
127,3,32
127,3,32
127,3,32
127,3,32
127,3,32
127,2,34
127,2,36
127,2,38
127,1,40
127,1,42
127,1,44
127,1,45
126,1,47
124,2,48
122,1,49
120,1,50
119,1,47
119,1,42
121,2,40
122,3,38
123,2,39
126,2,40
128,2,39
128,2,38
128,2,37
128,3,36
127,3,35
127,3,35
126,3,34
126,3,34
127,3,34
127,3,33
127,3,33
127,3,33
127,3,33
127,3,33
127,3,33
127,3,32
127,3,32
128,3,32
128,3,32
128,3,32
128,3,32
128,3,32
128,3,32
128,3,32
128,3,33
128,3,33
128,3,34
128,3,34
128,3,34
128,3,34
128,3,34
128,3,34
128,3,33
128,3,33
128,3,33
128,3,33
128,2,33
128,2,36
128,2,38
128,2,39
128,1,44
128,1,47
128,1,51
127,1,54
125,1,58
123,1,60
122,0,62
122,0,63
123,0,64
124,0,64
125,0,64
126,0,65
128,0,64
128,1,64
128,1,64
128,1,64
128,1,65
129,1,65
129,1,64
129,1,65
130,1,64
130,1,64
131,1,64
131,1,58
131,1,50
131,0,43
131,1,40
132,1,39
132,2,40
133,2,40
134,2,39
134,2,37
134,2,35
133,2,33
133,2,32
133,2,31
133,2,30
133,2,30
133,3,29
134,3,29
134,3,29
134,3,28
134,3,28
134,3,28
134,3,28
134,3,28
134,3,28
134,3,28
133,2,28
133,3,28
132,2,28
132,2,28
132,3,28
132,3,28
133,2,28
132,2,28
132,2,28
132,2,28
132,2,28
133,2,28
132,2,28
132,2,28
132,2,28
132,2,28
132,2,28
132,3,28
132,3,29
132,3,29
132,3,30
132,3,30
132,3,30
132,3,31
131,3,31
131,3,31
130,3,32
130,2,33
130,2,34
129,2,35
129,2,36
130,2,37
130,2,38
130,2,39
129,2,38
129,2,37
128,2,37
128,2,38
128,2,38
128,2,38
127,2,38
127,2,37
127,2,37
127,2,37
127,2,37
127,2,37
128,2,38
128,2,38
128,2,38
128,2,38
128,2,39
128,2,39
128,2,39
128,2,39
127,2,39
127,2,39
126,2,39
126,2,39
126,2,39
126,2,41
126,2,41
126,2,41
125,2,40
125,2,40
124,2,39
124,2,39
124,2,39
124,2,39
124,2,39
124,2,39
124,2,39
125,2,38
125,2,38
125,2,38
125,2,38
126,2,38
126,2,38
126,2,38
126,2,38
126,2,38
126,2,38
126,2,38
126,2,38
126,2,38
127,2,38
125,2,38
126,2,38
126,2,38
125,2,38
125,2,37
125,2,38
125,2,40
126,2,41
126,2,42
126,2,43
126,1,44
125,1,45
125,1,47
125,1,48
124,1,49
123,1,51
122,1,56
121,1,62
121,1,72
122,0,75
124,1,74
126,1,75
128,1,76
129,1,77
130,1,77
130,1,77
131,1,76
132,1,76
132,1,76
132,1,75
132,1,75
133,1,75
133,1,75
133,1,75
133,1,75
133,1,75
133,1,75
133,1,75
133,1,75
134,1,76
133,1,76
133,1,76
133,1,76
133,1,66
133,1,57
133,1,47
133,0,42
135,1,38
136,1,37
137,1,36
139,2,34
139,2,31
139,2,29
139,2,28
139,2,26
140,2,26
140,2,25
140,2,24
139,2,24
138,2,23
137,2,23
137,2,23
136,2,23
135,2,23
134,2,23
133,2,23
132,3,23
131,3,23
130,3,24
130,3,25
130,3,26
129,3,26
129,3,26
129,3,26
129,3,26
129,3,26
129,3,26
130,3,26
130,3,26
130,3,26
130,3,26
131,3,26
131,3,26
131,3,26
132,3,27
132,3,27
132,3,27
132,3,27
132,3,27
132,3,27
132,3,27
132,2,27
132,2,27
132,2,28
132,2,28
132,2,28
132,2,28
133,2,28
133,2,28
133,2,28
133,2,28
133,2,28
133,2,28
134,2,29
134,2,29
134,2,29
134,2,29
134,2,29
134,2,29
134,2,29
135,2,29
135,2,30
135,3,30
135,3,30
135,3,31
136,3,31
136,3,31
136,3,31
136,3,31
135,3,30
135,3,31
135,3,31
135,3,31
134,3,31
134,3,31
134,2,32
134,2,33
134,2,35
134,2,36
134,2,36
134,2,36
133,2,36
133,2,36
133,2,36
132,2,36
131,2,36
131,2,36
131,2,36
131,2,36
131,2,35
131,2,35
131,2,35
130,2,35
130,2,35
130,2,35
130,2,35
130,2,35
130,2,35
130,2,35
130,2,35
130,2,35
130,2,35
130,2,35
130,2,35
130,2,35
130,2,36
130,2,37
131,2,38
131,2,40
130,1,43
130,1,44
130,2,44
129,2,43
128,2,42
125,2,41
124,2,41
123,2,41
122,2,41
122,2,41
122,2,41
124,2,42
124,2,42
125,2,42
126,2,42
126,2,42
127,2,41
127,2,41
126,2,40
127,2,40
126,2,40
127,2,41
126,2,44
127,2,47
127,1,51
126,1,55
125,1,59
124,1,63
124,0,66
124,0,69
124,1,70
126,1,71
128,1,71
131,1,72
131,1,72
132,1,72
132,1,72
132,1,71
132,1,71
132,1,69
132,1,62
133,1,56
134,1,51
137,1,43
139,1,38
139,1,34
139,1,31
140,0,29
140,0,29
140,1,30
140,1,31
141,2,32
141,2,34
142,2,34
142,2,33
142,2,31
142,2,30
141,2,30
140,2,29
140,2,29
140,2,29
140,2,29
140,2,29
139,3,29
139,3,30
139,3,30
139,3,30
138,3,30
138,3,30
137,3,30
137,2,34
138,1,53
137,1,70
133,0,83
127,1,89
126,1,84
128,1,78
128,1,74
129,1,72
130,1,71
130,1,70
130,1,70
129,1,70
129,1,69
129,1,68
129,1,61
129,1,52
130,0,46
132,0,40
134,0,37
135,1,36
137,1,34
138,1,32
139,1,30
139,1,28
139,1,27
139,0,28
139,0,30
138,0,32
137,0,33
135,0,35
134,0,37
133,0,38
134,0,39
134,0,41
135,0,42
135,0,43
136,0,44
137,0,45
137,0,46
137,0,47
137,0,49
137,0,51
136,0,52
135,0,47
133,1,42
135,0,37
136,0,34
138,0,34
141,1,32
143,1,31
143,1,30
142,1,29
142,0,28
141,0,32
141,0,36
139,0,39
137,0,41
135,0,44
135,0,45
135,0,47
136,1,48
137,1,49
136,1,50
136,1,51
135,0,52
135,0,52
134,0,50
134,0,45
135,0,40
137,0,36
139,0,34
140,0,32
142,0,31
143,0,30
143,0,28
142,0,27
142,0,26
141,1,26
140,1,25
139,1,25
139,1,25
137,1,25
135,1,24
134,1,24
133,1,24
132,1,24
131,1,24
131,1,24
130,2,24
130,2,24
129,2,24
129,2,25
130,2,28
130,2,32
130,1,35
130,1,37
130,0,40
130,0,42
130,0,43
130,0,46
130,0,48
131,0,49
131,0,50
131,0,51
131,0,52
131,0,54
131,1,56
131,1,57
130,1,58
130,1,59
130,1,59
130,1,59
129,0,59
129,1,60
129,1,59
129,1,58
129,0,57
129,0,56
129,1,55
129,1,55
129,1,55
130,1,55
129,0,54
129,0,52
130,0,51
131,0,50
133,0,49
134,0,49
135,0,49
135,0,49
136,0,49
135,0,49
135,0,49
134,0,49
134,0,49
134,0,45
134,1,41
134,1,38
136,2,37
137,2,38
138,2,37
140,2,36
141,2,35
142,2,34
141,2,32
142,2,31
141,2,31
141,2,30
141,2,29
141,2,29
141,2,29
141,2,29
141,2,28
141,2,28
140,2,28
140,2,28
140,2,28
139,2,28
139,2,28
138,2,28
138,2,28
138,2,27
138,2,27
137,3,27
137,3,27
136,3,27
136,3,27
135,3,27
135,3,27
134,3,27
134,2,27
134,2,27
133,2,28
134,3,28
133,3,27
133,3,27
133,3,27
133,3,27
133,2,27
133,2,26
134,2,26
134,2,25
134,2,25
134,2,26
135,1,30
135,1,34
135,0,42
135,0,49
134,1,62
132,1,72
131,1,76
131,1,78
132,1,78
132,1,72
132,1,61
134,1,52
131,1,44
131,1,39
131,1,38
133,0,36
136,0,33
137,0,31
138,0,29
138,1,30
140,1,32
140,1,33
139,1,34
137,1,36
137,1,37
138,1,39
138,1,41
138,1,43
137,1,45
137,1,46
136,1,47
135,1,49
134,1,50
133,1,51
132,1,53
131,1,54
131,1,54
131,1,52
132,1,46
132,1,40
135,1,36
137,1,33
139,1,31
140,1,28
141,1,27
141,1,25
141,0,25
142,0,24
141,0,23
140,0,23
138,0,23
136,0,23
135,0,23
133,0,23
132,0,23
131,0,23
131,0,23
131,0,24
131,0,24
131,1,24
131,1,24
131,1,24
131,1,24
131,1,24
130,2,24
130,2,24
130,2,24
130,2,24
130,2,24
130,2,24
130,2,25
130,2,25
130,2,25
130,2,26
131,3,26
131,3,26
132,3,26
132,3,27
132,3,27
132,3,27
132,3,27
132,3,27
133,3,28
133,2,28
133,2,28
133,2,28
133,2,28
133,2,30
133,2,33
133,1,35
133,1,37
132,1,39
131,1,40
131,1,41
130,1,41
130,1,42
130,1,42
131,1,44
131,1,46
131,1,48
131,1,51
131,1,55
130,1,59
130,0,65
130,0,70
130,1,72
129,1,73
131,0,74
131,0,76
131,0,77
132,0,77
132,0,77
132,0,77
132,0,77
133,0,76
133,1,76
133,1,76
133,1,75
133,1,75
134,1,75
134,1,75
134,1,74
134,1,72
133,1,68
132,1,58
131,1,49
132,1,43
134,1,38
135,1,34
136,1,31
137,1,29
137,0,27
138,0,25
139,0,24
139,0,23
138,0,22
137,0,22
135,0,21
132,0,21
130,0,21
128,0,21
128,0,22
127,0,22
127,0,22
126,0,23
127,0,23
127,0,23
128,0,23
128,0,24
128,0,24
128,1,24
128,1,24
128,1,24
128,1,25
128,0,30
128,0,39
128,1,57
128,1,76
127,1,82
127,1,82
128,1,81
131,1,75
130,1,64
131,1,55
129,1,46
130,1,40
133,1,38
135,1,36
136,1,34
137,1,31
137,1,29
137,1,27
138,1,25
139,1,23
140,1,22
139,1,22
137,1,21
136,1,21
133,1,21
131,0,22
128,0,22
127,0,22
125,0,22
124,0,22
124,0,22
124,0,25
125,0,29
126,0,37
127,1,42
128,1,47
130,1,51
132,1,54
131,1,58
129,1,60
128,1,61
128,1,61
128,1,62
130,1,63
131,1,64
131,1,64
130,1,65
130,1,65
129,1,65
130,1,64
130,1,53
130,1,45
132,1,38
135,1,34
138,1,32
140,1,30
141,1,28
142,1,25
142,1,24
141,0,23
141,0,23
139,0,23
137,0,24
136,1,24
134,2,24
133,2,25
132,2,25
131,2,26
131,3,26
130,3,26
130,3,26
130,3,26
130,2,28
131,2,29
131,2,30
131,2,30
131,2,31
131,3,30
131,2,31
131,3,31
132,3,31
132,3,31
132,3,31
133,3,31
133,3,31
133,3,31
133,3,31
133,3,31
133,2,31
133,1,35
133,1,40
133,1,47
133,1,49
130,1,45
127,1,41
124,1,37
125,2,36
126,3,35
127,2,36
128,2,37
129,2,36
130,2,35
131,3,34
131,3,33
132,3,33
131,3,33
131,3,32
131,3,32
131,2,34
131,2,36
131,1,38
131,1,40
131,1,43
130,1,46
129,1,50
128,1,53
126,1,56
124,1,58
123,0,61
124,0,63
125,0,64
125,0,64
128,0,64
128,1,65
129,1,62
130,1,54
130,0,46
130,1,42
131,1,40
132,2,40
133,2,40
134,1,40
135,2,39
136,2,37
136,2,35
135,2,34
134,2,33
134,2,32
134,2,32
134,3,31
135,3,31
135,3,31
136,3,31
136,3,30
137,3,30
136,3,30
136,3,30
136,3,30
135,3,31
134,3,31
133,3,31
133,2,32
133,2,32
133,2,33
133,2,33
133,2,34
132,2,34
132,2,35
132,2,35
132,2,36
132,2,36
131,2,38
131,2,39
131,2,41
132,2,44
131,1,46
131,1,47
129,2,46
128,2,41
125,2,38
122,2,37
122,2,36
123,2,37
125,2,38
126,2,39
128,2,40
129,2,39
130,2,39
130,2,38
130,2,38
129,2,37
128,2,37
128,2,37
128,2,37
128,2,37
128,2,36
128,2,36
128,2,36
128,2,36
128,2,36
129,2,36
128,2,36
128,2,37
128,2,37
128,2,38
129,2,38
129,2,38
128,2,39
129,2,39
128,2,39
129,2,40
128,2,40
128,2,40
128,2,40
128,2,40
128,2,40
128,2,40
127,2,40
127,2,40
127,2,40
127,2,40
127,2,40
128,2,40
128,2,40
128,2,40
128,2,40
128,2,40
128,2,40
128,2,40
127,2,41
127,2,41
127,2,42
127,2,42
128,2,41
127,2,40
127,2,39
127,2,39
126,2,39
127,2,43
127,1,52
128,1,57
127,1,62
125,0,67
124,1,70
123,1,73
126,1,75
128,1,70
130,1,66
129,1,63
128,1,62
128,1,59
128,1,58
128,1,57
128,1,57
129,1,56
129,1,55
129,1,54
130,1,54
133,1,53
133,1,53
133,1,53
133,1,54
133,1,55
131,1,55
130,0,55
131,0,55
131,0,55
132,0,55
133,0,56
133,0,57
134,0,58
135,0,58
135,0,60
135,0,61
134,0,61
134,0,62
133,0,62
133,0,62
134,0,62
134,0,62
135,0,62
135,0,62
134,1,62
135,1,61
135,1,62
135,1,62
136,1,62
135,1,61
135,1,61
134,1,61
134,1,61
134,1,61
134,1,61
133,1,60
133,1,60
132,1,60
132,1,60
132,1,60
132,1,60
131,1,60
132,1,59
132,1,58
132,1,52
131,1,43
133,1,38
138,1,33
141,1,30
143,1,28
145,1,27
145,1,25
145,1,24
144,0,25
142,0,25
140,0,26
139,1,26
139,1,27
138,2,27
137,2,26
137,2,26
137,2,26
137,2,26
137,2,25
137,2,25
137,3,25
137,3,25
136,3,25
136,3,25
136,3,26
136,3,26
135,3,27
135,3,27
134,3,27
134,3,27
133,3,27
133,3,27
132,3,27
132,3,27
131,3,28
131,3,28
131,3,28
131,3,28
131,2,28
131,2,28
131,2,28
131,2,28
131,2,28
131,2,29
131,2,29
132,3,29
132,3,29
132,3,29
133,3,29
133,3,30
133,3,30
133,3,30
133,3,30
133,3,30
134,3,31
133,3,31
133,3,31
133,3,31
133,3,31
132,3,31
132,3,31
132,3,32
132,3,32
132,3,32
132,3,32
131,2,33
132,2,33
132,2,34
132,2,34
132,2,35
132,2,35
131,2,35
132,2,35
131,2,35
131,2,35
131,2,35
130,2,35
130,2,35
130,2,35
131,2,35
131,2,35
131,2,35
130,2,35
131,2,36
131,2,36
131,2,37
131,2,38
131,2,39
131,2,39
131,2,39
130,2,39
129,2,39
128,2,38
128,2,38
128,2,38
127,2,38
127,2,38
127,2,38
127,2,38
127,2,38
127,2,38
127,2,38
127,2,39
127,2,39
127,2,39
127,2,39
127,2,39
127,2,39
127,2,39
127,2,39
127,2,39
127,2,39
128,2,40
128,2,41
128,2,42
128,2,43
128,1,44
127,1,44
127,1,45
127,1,46
126,1,47
125,1,48
124,1,49
124,1,49
123,2,51
122,2,52
122,2,53
122,1,54
123,1,55
124,1,57
125,1,60
126,1,64
128,0,67
128,0,70
129,1,71
129,1,71
130,1,62
132,1,53
132,0,46
132,1,43
132,2,42
133,1,43
134,2,43
135,2,44
135,2,44
134,2,42
132,2,41
131,2,40
129,2,39
128,2,38
128,2,38
128,2,38
128,2,38
128,2,38
129,2,38
129,2,39
130,2,39
130,2,39
131,2,40
131,2,41
131,2,42
131,2,41
130,2,40
129,2,38
129,2,37
128,2,36
128,2,36
128,2,35
128,2,35
129,2,37
129,2,39
130,1,41
131,1,46
131,1,55
129,0,62
127,0,68
125,1,71
125,1,69
128,1,59
129,1,50
129,0,45
128,0,41
130,1,37
131,1,36
133,1,34
134,1,36
135,1,40
135,0,46
134,0,52
131,1,60
130,1,66
131,1,71
132,1,73
133,1,73
132,1,73
132,1,72
133,1,71
134,1,62
133,1,49
134,1,41
139,1,36
141,1,32
142,1,30
142,1,29
142,0,29
141,1,32
141,1,33
140,1,34
139,1,37
138,1,40
136,0,41
134,0,42
132,0,43
132,0,44
132,0,45
132,0,46
132,0,47
133,0,48
134,0,49
135,0,53
135,0,57
133,0,61
133,0,64
131,0,66
130,0,67
130,0,67
131,0,61
131,0,52
131,0,44
133,0,40
135,0,37
137,0,34
139,1,33
140,1,31
140,1,29
140,1,28
140,1,27
140,1,26
140,1,25
138,1,25
137,1,24
135,1,24
134,1,24
132,1,24
131,2,24
130,2,27
130,1,29
129,1,31
129,1,33
128,0,34
128,0,35
128,0,35
128,0,36
129,0,36
130,0,36
132,0,36
133,0,37
134,0,37
134,0,39
135,0,39
135,0,40
135,0,40
134,0,41
134,0,41
134,0,42
134,0,42
135,0,43
135,0,45
135,0,45
134,0,46
133,0,46
133,0,46
132,0,46
132,0,47
132,0,47
131,0,47
132,0,47
132,0,46
132,0,46
133,0,46
133,0,46
134,0,45
134,0,43
135,0,38
136,0,35
138,0,33
140,1,31
140,1,30
141,1,30
141,1,29
141,1,28
141,1,27
140,2,26
139,2,26
138,2,25
137,2,27
137,1,34
137,0,53
137,0,76
130,1,92
125,1,96
126,1,96
128,1,96
130,1,88
130,1,75
132,1,64
129,1,55
128,1,48
129,0,46
129,0,46
128,0,45
128,0,42
128,0,39
129,0,36
130,1,34
132,1,32
133,1,30
133,2,29
134,2,28
134,2,27
134,2,26
134,2,25
133,3,25
133,3,25
132,3,25
131,3,25
130,3,25
130,3,25
129,3,25
128,3,26
128,3,27
128,3,27
127,4,27
128,4,27
127,4,27
127,3,28
127,3,28
128,3,28
128,3,28
128,3,28
128,3,28
128,3,28
128,3,28
128,3,28
129,3,28
129,3,28
129,3,28
129,3,29
129,3,29
128,2,30
128,2,30
128,2,30
128,2,29
128,3,29
128,3,28
128,3,28
129,2,29
129,2,29
130,2,29
130,2,29
130,2,30
130,2,36
131,1,45
131,0,63
128,1,75
124,1,79
127,1,81
129,1,82
130,1,76
130,1,68
129,1,58
129,1,48
130,1,42
130,1,37
131,1,34
131,1,31
131,0,28
132,0,27
133,0,25
133,0,25
133,0,24
133,0,23
132,0,23
131,0,23
130,0,22
128,0,22
128,0,22
127,1,22
125,1,22
124,1,22
124,1,23
123,1,23
122,1,23
122,1,24
122,1,24
123,1,24
124,1,24
125,1,24
125,1,24
126,1,24
127,1,26
127,1,27
128,1,30
127,1,32
127,0,35
127,0,37
127,0,38
127,0,39
128,0,40
128,0,41
130,0,39
133,0,36
135,0,33
136,1,31
137,1,31
138,2,31
139,2,30
140,2,28
140,2,27
140,2,26
140,2,26
140,2,26
139,2,25
138,2,25
137,2,25
137,3,25
136,3,26
136,3,26
135,3,26
134,3,26
134,3,27
133,3,28
133,3,29
132,3,30
132,3,31
132,3,31
132,3,30
132,2,32
133,1,39
133,1,57
133,0,75
128,1,86
123,1,91
124,1,91
128,1,79
128,1,67
128,1,57
127,1,49
126,0,46
125,1,45
126,1,44
128,1,43
128,1,39
127,2,36
127,2,33
128,2,32
129,3,31
131,2,30
132,3,30
134,3,29
134,3,28
135,3,27
135,3,27
136,3,27
135,3,26
135,3,26
134,3,26
132,4,27
131,3,27
131,3,28
130,3,29
129,3,30
129,3,31
129,3,30
128,3,31
128,3,31
128,3,31
128,3,31
128,3,31
128,3,31
128,3,31
129,3,32
129,3,32
129,2,33
129,2,35
129,2,36
130,2,37
130,2,37
130,2,36
129,2,36
129,2,36
128,2,38
128,2,39
128,1,40
128,1,42
128,1,44
128,1,48
128,1,54
127,0,58
125,0,61
125,1,63
127,1,65
129,1,67
130,1,68
131,1,69
131,1,69
131,1,69
130,1,68
129,1,68
131,1,67
131,1,66
132,1,66
134,1,65
134,1,65
133,1,65
134,1,66
134,1,67
134,1,68
134,1,68
134,1,68
132,1,68
131,1,69
132,1,70
132,1,70
133,1,70
132,1,63
131,1,54
131,1,45
132,1,39
133,0,36
136,0,33
137,0,32
139,0,30
140,0,29
141,0,27
141,0,25
141,0,24
141,0,23
140,0,23
138,0,23
136,0,22
135,0,22
133,0,22
132,0,25
131,0,29
129,0,37
129,0,44
128,1,51
129,1,55
130,1,60
131,1,63
130,1,65
130,1,66
129,1,67
129,1,65
130,1,62
129,1,56
129,1,47
130,1,41
133,1,37
135,1,33
137,1,31
138,1,29
139,0,27
